event_id,commence_time,home_team,away_team,bookmaker_key,bookmaker,market,market_label,last_update,player_name,player_key,bet_side,line,odds,week,game_date,player_name_proj,team,opponent_team,position
56e8897681915f7ec92baeee952bb1ae,2026-09-18T00:15:00Z,Buffalo Bills,Detroit Lions,draftkings,DraftKings,player_anytime_td,Anytime TD,2026-09-16T19:57:53Z,Amon-Ra St. Brown,amon ra st brown,Yes,,100,3.0,2026-09-27,Amon-Ra St. Brown,DET,NYJ,WR
56e8897681915f7ec92baeee952bb1ae,2026-09-18T00:15:00Z,Buffalo Bills,Detroit Lions,draftkings,DraftKings,player_anytime_td,Anytime TD,2026-09-16T19:57:53Z,Brock Wright,brock wright,Yes,,1100,3.0,2026-09-27,Brock Wright,DET,NYJ,TE
56e8897681915f7ec92baeee952bb1ae,2026-09-18T00:15:00Z,Buffalo Bills,Detroit Lions,draftkings,DraftKings,player_anytime_td,Anytime TD,2026-09-16T19:57:53Z,Buffalo Bills D/ST,buffalo bills d/st,Yes,,650,,,,,,
56e8897681915f7ec92baeee952bb1ae,2026-09-18T00:15:00Z,Buffalo Bills,Detroit Lions,draftkings,DraftKings,player_anytime_td,Anytime TD,2026-09-16T19:57:53Z,DJ Moore,dj moore,Yes,,145,3.0,2026-09-27,DJ Moore,BUF,LAC,WR
56e8897681915f7ec92baeee952bb1ae,2026-09-18T00:15:00Z,Buffalo Bills,Detroit Lions,draftkings,DraftKings,player_anytime_td,Anytime TD,2026-09-16T19:57:53Z,Dalton Kincaid,dalton kincaid,Yes,,180,3.0,2026-09-27,Dalton Kincaid,BUF,LAC,TE
56e8897681915f7ec92baeee952bb1ae,2026-09-18T00:15:00Z,Buffalo Bills,Detroit Lions,draftkings,DraftKings,player_anytime_td,Anytime TD,2026-09-16T19:57:53Z,Dawson Knox,dawson knox,Yes,,550,3.0,2026-09-27,Dawson Knox,BUF,LAC,TE
56e8897681915f7ec92baeee952bb1ae,2026-09-18T00:15:00Z,Buffalo Bills,Detroit Lions,draftkings,DraftKings,player_anytime_td,Anytime TD,2026-09-16T19:57:53Z,Detroit Lions D/ST,detroit lions d/st,Yes,,750,,,,,,
56e8897681915f7ec92baeee952bb1ae,2026-09-18T00:15:00Z,Buffalo Bills,Detroit Lions,draftkings,DraftKings,player_anytime_td,Anytime TD,2026-09-16T19:57:53Z,Greg Dortch,greg dortch,Yes,,1400,3.0,2026-09-27,Greg Dortch,BUF,LAC,WR
56e8897681915f7ec92baeee952bb1ae,2026-09-18T00:15:00Z,Buffalo Bills,Detroit Lions,draftkings,DraftKings,player_anytime_td,Anytime TD,2026-09-16T19:57:53Z,Isaac TeSlaa,isaac teslaa,Yes,,450,3.0,2026-09-27,Isaac TeSlaa,DET,NYJ,WR
56e8897681915f7ec92baeee952bb1ae,2026-09-18T00:15:00Z,Buffalo Bills,Detroit Lions,draftkings,DraftKings,player_anytime_td,Anytime TD,2026-09-16T19:57:53Z,Jackson Hawes,jackson hawes,Yes,,850,3.0,2026-09-27,Jackson Hawes,BUF,LAC,TE
56e8897681915f7ec92baeee952bb1ae,2026-09-18T00:15:00Z,Buffalo Bills,Detroit Lions,draftkings,DraftKings,player_anytime_td,Anytime TD,2026-09-16T19:57:53Z,Jacob Saylors,jacob saylors,Yes,,1700,3.0,2026-09-27,Jacob Saylors,DET,NYJ,RB
56e8897681915f7ec92baeee952bb1ae,2026-09-18T00:15:00Z,Buffalo Bills,Detroit Lions,draftkings,DraftKings,player_anytime_td,Anytime TD,2026-09-16T19:57:53Z,Jahmyr Gibbs,jahmyr gibbs,Yes,,-320,3.0,2026-09-27,Jahmyr Gibbs,DET,NYJ,RB
56e8897681915f7ec92baeee952bb1ae,2026-09-18T00:15:00Z,Buffalo Bills,Detroit Lions,draftkings,DraftKings,player_anytime_td,Anytime TD,2026-09-16T19:57:53Z,James Cook,james cook,Yes,,-170,3.0,2026-09-27,James Cook,BUF,LAC,RB
56e8897681915f7ec92baeee952bb1ae,2026-09-18T00:15:00Z,Buffalo Bills,Detroit Lions,draftkings,DraftKings,player_anytime_td,Anytime TD,2026-09-16T19:57:53Z,Jameson Williams,jameson williams,Yes,,200,3.0,2026-09-27,Jameson Williams,DET,NYJ,WR
56e8897681915f7ec92baeee952bb1ae,2026-09-18T00:15:00Z,Buffalo Bills,Detroit Lions,draftkings,DraftKings,player_anytime_td,Anytime TD,2026-09-16T19:57:53Z,Jared Goff,jared goff,Yes,,1600,3.0,2026-09-27,Jared Goff,DET,NYJ,QB
56e8897681915f7ec92baeee952bb1ae,2026-09-18T00:15:00Z,Buffalo Bills,Detroit Lions,draftkings,DraftKings,player_anytime_td,Anytime TD,2026-09-16T19:57:53Z,Josh Allen,josh allen,Yes,,-125,3.0,2026-09-27,Josh Allen,BUF,LAC,QB
56e8897681915f7ec92baeee952bb1ae,2026-09-18T00:15:00Z,Buffalo Bills,Detroit Lions,draftkings,DraftKings,player_anytime_td,Anytime TD,2026-09-16T19:57:53Z,Joshua Palmer,joshua palmer,Yes,,500,,,,,,
56e8897681915f7ec92baeee952bb1ae,2026-09-18T00:15:00Z,Buffalo Bills,Detroit Lions,draftkings,DraftKings,player_anytime_td,Anytime TD,2026-09-16T19:57:53Z,Keleki Latu,keleki latu,Yes,,2000,3.0,2026-09-27,Keleki Latu,BUF,LAC,TE
56e8897681915f7ec92baeee952bb1ae,2026-09-18T00:15:00Z,Buffalo Bills,Detroit Lions,draftkings,DraftKings,player_anytime_td,Anytime TD,2026-09-16T19:57:53Z,Keon Coleman,keon coleman,Yes,,390,3.0,2026-09-27,Keon Coleman,BUF,LAC,WR
56e8897681915f7ec92baeee952bb1ae,2026-09-18T00:15:00Z,Buffalo Bills,Detroit Lions,draftkings,DraftKings,player_anytime_td,Anytime TD,2026-09-16T19:57:53Z,Khalil Shakir,khalil shakir,Yes,,220,3.0,2026-09-27,Khalil Shakir,BUF,LAC,WR
56e8897681915f7ec92baeee952bb1ae,2026-09-18T00:15:00Z,Buffalo Bills,Detroit Lions,draftkings,DraftKings,player_anytime_td,Anytime TD,2026-09-16T19:57:53Z,Ray Davis,ray davis,Yes,,425,3.0,2026-09-27,Ray Davis,BUF,LAC,RB
56e8897681915f7ec92baeee952bb1ae,2026-09-18T00:15:00Z,Buffalo Bills,Detroit Lions,draftkings,DraftKings,player_anytime_td,Anytime TD,2026-09-16T19:57:53Z,Sam LaPorta,sam laporta,Yes,,205,3.0,2026-09-27,Sam LaPorta,DET,NYJ,TE
56e8897681915f7ec92baeee952bb1ae,2026-09-18T00:15:00Z,Buffalo Bills,Detroit Lions,draftkings,DraftKings,player_anytime_td,Anytime TD,2026-09-16T19:57:53Z,Sione Vaki,sione vaki,Yes,,1100,3.0,2026-09-27,Sione Vaki,DET,NYJ,RB
56e8897681915f7ec92baeee952bb1ae,2026-09-18T00:15:00Z,Buffalo Bills,Detroit Lions,draftkings,DraftKings,player_anytime_td,Anytime TD,2026-09-16T19:57:53Z,Tay Martin,tay martin,Yes,,3000,3.0,2026-09-27,Tay Martin,DET,NYJ,WR
56e8897681915f7ec92baeee952bb1ae,2026-09-18T00:15:00Z,Buffalo Bills,Detroit Lions,draftkings,DraftKings,player_anytime_td,Anytime TD,2026-09-16T19:57:53Z,Tom Kennedy,tom kennedy,Yes,,2500,3.0,2026-09-27,Tom Kennedy,DET,NYJ,WR
56e8897681915f7ec92baeee952bb1ae,2026-09-18T00:15:00Z,Buffalo Bills,Detroit Lions,draftkings,DraftKings,player_anytime_td,Anytime TD,2026-09-16T19:57:53Z,Ty Johnson,ty johnson,Yes,,380,3.0,2026-09-27,Ty Johnson,BUF,LAC,RB
56e8897681915f7ec92baeee952bb1ae,2026-09-18T00:15:00Z,Buffalo Bills,Detroit Lions,draftkings,DraftKings,player_anytime_td,Anytime TD,2026-09-16T19:57:53Z,Tyler Conklin,tyler conklin,Yes,,1900,3.0,2026-09-27,Tyler Conklin,LAC,BUF,TE
56e8897681915f7ec92baeee952bb1ae,2026-09-18T00:15:00Z,Buffalo Bills,Detroit Lions,draftkings,DraftKings,player_pass_attempts,Pass Attempts,2026-09-16T19:57:53Z,Jared Goff,jared goff,Over,37.5,-114,3.0,2026-09-27,Jared Goff,DET,NYJ,QB
56e8897681915f7ec92baeee952bb1ae,2026-09-18T00:15:00Z,Buffalo Bills,Detroit Lions,draftkings,DraftKings,player_pass_attempts,Pass Attempts,2026-09-16T19:57:53Z,Jared Goff,jared goff,Under,37.5,-112,3.0,2026-09-27,Jared Goff,DET,NYJ,QB
56e8897681915f7ec92baeee952bb1ae,2026-09-18T00:15:00Z,Buffalo Bills,Detroit Lions,draftkings,DraftKings,player_pass_attempts,Pass Attempts,2026-09-16T19:57:53Z,Josh Allen,josh allen,Over,30.5,-113,3.0,2026-09-27,Josh Allen,BUF,LAC,QB
56e8897681915f7ec92baeee952bb1ae,2026-09-18T00:15:00Z,Buffalo Bills,Detroit Lions,draftkings,DraftKings,player_pass_attempts,Pass Attempts,2026-09-16T19:57:53Z,Josh Allen,josh allen,Under,30.5,-113,3.0,2026-09-27,Josh Allen,BUF,LAC,QB
56e8897681915f7ec92baeee952bb1ae,2026-09-18T00:15:00Z,Buffalo Bills,Detroit Lions,draftkings,DraftKings,player_pass_completions,Pass Completions,2026-09-16T19:57:53Z,Jared Goff,jared goff,Over,22.5,-133,3.0,2026-09-27,Jared Goff,DET,NYJ,QB
56e8897681915f7ec92baeee952bb1ae,2026-09-18T00:15:00Z,Buffalo Bills,Detroit Lions,draftkings,DraftKings,player_pass_completions,Pass Completions,2026-09-16T19:57:53Z,Jared Goff,jared goff,Under,22.5,104,3.0,2026-09-27,Jared Goff,DET,NYJ,QB
56e8897681915f7ec92baeee952bb1ae,2026-09-18T00:15:00Z,Buffalo Bills,Detroit Lions,draftkings,DraftKings,player_pass_completions,Pass Completions,2026-09-16T19:57:53Z,Josh Allen,josh allen,Over,21.5,105,3.0,2026-09-27,Josh Allen,BUF,LAC,QB
56e8897681915f7ec92baeee952bb1ae,2026-09-18T00:15:00Z,Buffalo Bills,Detroit Lions,draftkings,DraftKings,player_pass_completions,Pass Completions,2026-09-16T19:57:53Z,Josh Allen,josh allen,Under,21.5,-134,3.0,2026-09-27,Josh Allen,BUF,LAC,QB
56e8897681915f7ec92baeee952bb1ae,2026-09-18T00:15:00Z,Buffalo Bills,Detroit Lions,draftkings,DraftKings,player_pass_interceptions,Interceptions,2026-09-16T19:57:53Z,Jared Goff,jared goff,Over,0.5,-112,3.0,2026-09-27,Jared Goff,DET,NYJ,QB
56e8897681915f7ec92baeee952bb1ae,2026-09-18T00:15:00Z,Buffalo Bills,Detroit Lions,draftkings,DraftKings,player_pass_interceptions,Interceptions,2026-09-16T19:57:53Z,Jared Goff,jared goff,Under,0.5,-113,3.0,2026-09-27,Jared Goff,DET,NYJ,QB
56e8897681915f7ec92baeee952bb1ae,2026-09-18T00:15:00Z,Buffalo Bills,Detroit Lions,draftkings,DraftKings,player_pass_interceptions,Interceptions,2026-09-16T19:57:53Z,Josh Allen,josh allen,Over,0.5,130,3.0,2026-09-27,Josh Allen,BUF,LAC,QB
56e8897681915f7ec92baeee952bb1ae,2026-09-18T00:15:00Z,Buffalo Bills,Detroit Lions,draftkings,DraftKings,player_pass_interceptions,Interceptions,2026-09-16T19:57:53Z,Josh Allen,josh allen,Under,0.5,-167,3.0,2026-09-27,Josh Allen,BUF,LAC,QB
56e8897681915f7ec92baeee952bb1ae,2026-09-18T00:15:00Z,Buffalo Bills,Detroit Lions,draftkings,DraftKings,player_pass_tds,Pass TDs,2026-09-16T19:57:53Z,Jared Goff,jared goff,Over,1.5,-145,3.0,2026-09-27,Jared Goff,DET,NYJ,QB
56e8897681915f7ec92baeee952bb1ae,2026-09-18T00:15:00Z,Buffalo Bills,Detroit Lions,draftkings,DraftKings,player_pass_tds,Pass TDs,2026-09-16T19:57:53Z,Jared Goff,jared goff,Under,1.5,113,3.0,2026-09-27,Jared Goff,DET,NYJ,QB
56e8897681915f7ec92baeee952bb1ae,2026-09-18T00:15:00Z,Buffalo Bills,Detroit Lions,draftkings,DraftKings,player_pass_tds,Pass TDs,2026-09-16T19:57:53Z,Josh Allen,josh allen,Over,1.5,-175,3.0,2026-09-27,Josh Allen,BUF,LAC,QB
56e8897681915f7ec92baeee952bb1ae,2026-09-18T00:15:00Z,Buffalo Bills,Detroit Lions,draftkings,DraftKings,player_pass_tds,Pass TDs,2026-09-16T19:57:53Z,Josh Allen,josh allen,Under,1.5,137,3.0,2026-09-27,Josh Allen,BUF,LAC,QB
56e8897681915f7ec92baeee952bb1ae,2026-09-18T00:15:00Z,Buffalo Bills,Detroit Lions,draftkings,DraftKings,player_pass_yds,Pass Yards,2026-09-16T19:57:53Z,Jared Goff,jared goff,Over,268.5,-113,3.0,2026-09-27,Jared Goff,DET,NYJ,QB
56e8897681915f7ec92baeee952bb1ae,2026-09-18T00:15:00Z,Buffalo Bills,Detroit Lions,draftkings,DraftKings,player_pass_yds,Pass Yards,2026-09-16T19:57:53Z,Jared Goff,jared goff,Under,268.5,-111,3.0,2026-09-27,Jared Goff,DET,NYJ,QB
56e8897681915f7ec92baeee952bb1ae,2026-09-18T00:15:00Z,Buffalo Bills,Detroit Lions,draftkings,DraftKings,player_pass_yds,Pass Yards,2026-09-16T19:57:53Z,Josh Allen,josh allen,Over,250.5,-111,3.0,2026-09-27,Josh Allen,BUF,LAC,QB
56e8897681915f7ec92baeee952bb1ae,2026-09-18T00:15:00Z,Buffalo Bills,Detroit Lions,draftkings,DraftKings,player_pass_yds,Pass Yards,2026-09-16T19:57:53Z,Josh Allen,josh allen,Under,250.5,-113,3.0,2026-09-27,Josh Allen,BUF,LAC,QB
56e8897681915f7ec92baeee952bb1ae,2026-09-18T00:15:00Z,Buffalo Bills,Detroit Lions,draftkings,DraftKings,player_reception_yds,Receiving Yards,2026-09-16T19:57:53Z,Amon-Ra St. Brown,amon ra st brown,Over,80.5,-113,3.0,2026-09-27,Amon-Ra St. Brown,DET,NYJ,WR
56e8897681915f7ec92baeee952bb1ae,2026-09-18T00:15:00Z,Buffalo Bills,Detroit Lions,draftkings,DraftKings,player_reception_yds,Receiving Yards,2026-09-16T19:57:53Z,Amon-Ra St. Brown,amon ra st brown,Under,80.5,-111,3.0,2026-09-27,Amon-Ra St. Brown,DET,NYJ,WR
56e8897681915f7ec92baeee952bb1ae,2026-09-18T00:15:00Z,Buffalo Bills,Detroit Lions,draftkings,DraftKings,player_reception_yds,Receiving Yards,2026-09-16T19:57:53Z,DJ Moore,dj moore,Over,62.5,-113,3.0,2026-09-27,DJ Moore,BUF,LAC,WR
56e8897681915f7ec92baeee952bb1ae,2026-09-18T00:15:00Z,Buffalo Bills,Detroit Lions,draftkings,DraftKings,player_reception_yds,Receiving Yards,2026-09-16T19:57:53Z,DJ Moore,dj moore,Under,62.5,-111,3.0,2026-09-27,DJ Moore,BUF,LAC,WR
56e8897681915f7ec92baeee952bb1ae,2026-09-18T00:15:00Z,Buffalo Bills,Detroit Lions,draftkings,DraftKings,player_reception_yds,Receiving Yards,2026-09-16T19:57:53Z,Dalton Kincaid,dalton kincaid,Over,50.5,-111,3.0,2026-09-27,Dalton Kincaid,BUF,LAC,TE
56e8897681915f7ec92baeee952bb1ae,2026-09-18T00:15:00Z,Buffalo Bills,Detroit Lions,draftkings,DraftKings,player_reception_yds,Receiving Yards,2026-09-16T19:57:53Z,Dalton Kincaid,dalton kincaid,Under,50.5,-113,3.0,2026-09-27,Dalton Kincaid,BUF,LAC,TE
56e8897681915f7ec92baeee952bb1ae,2026-09-18T00:15:00Z,Buffalo Bills,Detroit Lions,draftkings,DraftKings,player_reception_yds,Receiving Yards,2026-09-16T19:57:53Z,Dawson Knox,dawson knox,Over,12.5,-112,3.0,2026-09-27,Dawson Knox,BUF,LAC,TE
56e8897681915f7ec92baeee952bb1ae,2026-09-18T00:15:00Z,Buffalo Bills,Detroit Lions,draftkings,DraftKings,player_reception_yds,Receiving Yards,2026-09-16T19:57:53Z,Dawson Knox,dawson knox,Under,12.5,-112,3.0,2026-09-27,Dawson Knox,BUF,LAC,TE
56e8897681915f7ec92baeee952bb1ae,2026-09-18T00:15:00Z,Buffalo Bills,Detroit Lions,draftkings,DraftKings,player_reception_yds,Receiving Yards,2026-09-16T19:57:53Z,Isaac TeSlaa,isaac teslaa,Over,15.5,-111,3.0,2026-09-27,Isaac TeSlaa,DET,NYJ,WR
56e8897681915f7ec92baeee952bb1ae,2026-09-18T00:15:00Z,Buffalo Bills,Detroit Lions,draftkings,DraftKings,player_reception_yds,Receiving Yards,2026-09-16T19:57:53Z,Isaac TeSlaa,isaac teslaa,Under,15.5,-113,3.0,2026-09-27,Isaac TeSlaa,DET,NYJ,WR
56e8897681915f7ec92baeee952bb1ae,2026-09-18T00:15:00Z,Buffalo Bills,Detroit Lions,draftkings,DraftKings,player_reception_yds,Receiving Yards,2026-09-16T19:57:53Z,Jahmyr Gibbs,jahmyr gibbs,Over,29.5,-112,3.0,2026-09-27,Jahmyr Gibbs,DET,NYJ,RB
56e8897681915f7ec92baeee952bb1ae,2026-09-18T00:15:00Z,Buffalo Bills,Detroit Lions,draftkings,DraftKings,player_reception_yds,Receiving Yards,2026-09-16T19:57:53Z,Jahmyr Gibbs,jahmyr gibbs,Under,29.5,-112,3.0,2026-09-27,Jahmyr Gibbs,DET,NYJ,RB
56e8897681915f7ec92baeee952bb1ae,2026-09-18T00:15:00Z,Buffalo Bills,Detroit Lions,draftkings,DraftKings,player_reception_yds,Receiving Yards,2026-09-16T19:57:53Z,James Cook,james cook,Over,17.5,-110,3.0,2026-09-27,James Cook,BUF,LAC,RB
56e8897681915f7ec92baeee952bb1ae,2026-09-18T00:15:00Z,Buffalo Bills,Detroit Lions,draftkings,DraftKings,player_reception_yds,Receiving Yards,2026-09-16T19:57:53Z,James Cook,james cook,Under,17.5,-114,3.0,2026-09-27,James Cook,BUF,LAC,RB
56e8897681915f7ec92baeee952bb1ae,2026-09-18T00:15:00Z,Buffalo Bills,Detroit Lions,draftkings,DraftKings,player_reception_yds,Receiving Yards,2026-09-16T19:57:53Z,Jameson Williams,jameson williams,Over,58.5,-112,3.0,2026-09-27,Jameson Williams,DET,NYJ,WR
56e8897681915f7ec92baeee952bb1ae,2026-09-18T00:15:00Z,Buffalo Bills,Detroit Lions,draftkings,DraftKings,player_reception_yds,Receiving Yards,2026-09-16T19:57:53Z,Jameson Williams,jameson williams,Under,58.5,-112,3.0,2026-09-27,Jameson Williams,DET,NYJ,WR
56e8897681915f7ec92baeee952bb1ae,2026-09-18T00:15:00Z,Buffalo Bills,Detroit Lions,draftkings,DraftKings,player_reception_yds,Receiving Yards,2026-09-16T19:57:53Z,Joshua Palmer,joshua palmer,Over,13.5,-111,,,,,,
56e8897681915f7ec92baeee952bb1ae,2026-09-18T00:15:00Z,Buffalo Bills,Detroit Lions,draftkings,DraftKings,player_reception_yds,Receiving Yards,2026-09-16T19:57:53Z,Joshua Palmer,joshua palmer,Under,13.5,-114,,,,,,
56e8897681915f7ec92baeee952bb1ae,2026-09-18T00:15:00Z,Buffalo Bills,Detroit Lions,draftkings,DraftKings,player_reception_yds,Receiving Yards,2026-09-16T19:57:53Z,Keon Coleman,keon coleman,Over,13.5,-115,3.0,2026-09-27,Keon Coleman,BUF,LAC,WR
56e8897681915f7ec92baeee952bb1ae,2026-09-18T00:15:00Z,Buffalo Bills,Detroit Lions,draftkings,DraftKings,player_reception_yds,Receiving Yards,2026-09-16T19:57:53Z,Keon Coleman,keon coleman,Under,13.5,-109,3.0,2026-09-27,Keon Coleman,BUF,LAC,WR
56e8897681915f7ec92baeee952bb1ae,2026-09-18T00:15:00Z,Buffalo Bills,Detroit Lions,draftkings,DraftKings,player_reception_yds,Receiving Yards,2026-09-16T19:57:53Z,Khalil Shakir,khalil shakir,Over,43.5,-112,3.0,2026-09-27,Khalil Shakir,BUF,LAC,WR
56e8897681915f7ec92baeee952bb1ae,2026-09-18T00:15:00Z,Buffalo Bills,Detroit Lions,draftkings,DraftKings,player_reception_yds,Receiving Yards,2026-09-16T19:57:53Z,Khalil Shakir,khalil shakir,Under,43.5,-112,3.0,2026-09-27,Khalil Shakir,BUF,LAC,WR
56e8897681915f7ec92baeee952bb1ae,2026-09-18T00:15:00Z,Buffalo Bills,Detroit Lions,draftkings,DraftKings,player_reception_yds,Receiving Yards,2026-09-16T19:57:53Z,Sam LaPorta,sam laporta,Over,46.5,-110,3.0,2026-09-27,Sam LaPorta,DET,NYJ,TE
56e8897681915f7ec92baeee952bb1ae,2026-09-18T00:15:00Z,Buffalo Bills,Detroit Lions,draftkings,DraftKings,player_reception_yds,Receiving Yards,2026-09-16T19:57:53Z,Sam LaPorta,sam laporta,Under,46.5,-114,3.0,2026-09-27,Sam LaPorta,DET,NYJ,TE
56e8897681915f7ec92baeee952bb1ae,2026-09-18T00:15:00Z,Buffalo Bills,Detroit Lions,draftkings,DraftKings,player_receptions,Receptions,2026-09-16T19:57:53Z,Amon-Ra St. Brown,amon ra st brown,Over,7.5,101,3.0,2026-09-27,Amon-Ra St. Brown,DET,NYJ,WR
56e8897681915f7ec92baeee952bb1ae,2026-09-18T00:15:00Z,Buffalo Bills,Detroit Lions,draftkings,DraftKings,player_receptions,Receptions,2026-09-16T19:57:53Z,Amon-Ra St. Brown,amon ra st brown,Under,7.5,-128,3.0,2026-09-27,Amon-Ra St. Brown,DET,NYJ,WR
56e8897681915f7ec92baeee952bb1ae,2026-09-18T00:15:00Z,Buffalo Bills,Detroit Lions,draftkings,DraftKings,player_receptions,Receptions,2026-09-16T19:57:53Z,DJ Moore,dj moore,Over,4.5,-107,3.0,2026-09-27,DJ Moore,BUF,LAC,WR
56e8897681915f7ec92baeee952bb1ae,2026-09-18T00:15:00Z,Buffalo Bills,Detroit Lions,draftkings,DraftKings,player_receptions,Receptions,2026-09-16T19:57:53Z,DJ Moore,dj moore,Under,4.5,-119,3.0,2026-09-27,DJ Moore,BUF,LAC,WR
56e8897681915f7ec92baeee952bb1ae,2026-09-18T00:15:00Z,Buffalo Bills,Detroit Lions,draftkings,DraftKings,player_receptions,Receptions,2026-09-16T19:57:53Z,Dalton Kincaid,dalton kincaid,Over,3.5,-161,3.0,2026-09-27,Dalton Kincaid,BUF,LAC,TE
56e8897681915f7ec92baeee952bb1ae,2026-09-18T00:15:00Z,Buffalo Bills,Detroit Lions,draftkings,DraftKings,player_receptions,Receptions,2026-09-16T19:57:53Z,Dalton Kincaid,dalton kincaid,Under,3.5,126,3.0,2026-09-27,Dalton Kincaid,BUF,LAC,TE
56e8897681915f7ec92baeee952bb1ae,2026-09-18T00:15:00Z,Buffalo Bills,Detroit Lions,draftkings,DraftKings,player_receptions,Receptions,2026-09-16T19:57:53Z,Dawson Knox,dawson knox,Over,1.5,122,3.0,2026-09-27,Dawson Knox,BUF,LAC,TE
56e8897681915f7ec92baeee952bb1ae,2026-09-18T00:15:00Z,Buffalo Bills,Detroit Lions,draftkings,DraftKings,player_receptions,Receptions,2026-09-16T19:57:53Z,Dawson Knox,dawson knox,Under,1.5,-156,3.0,2026-09-27,Dawson Knox,BUF,LAC,TE
56e8897681915f7ec92baeee952bb1ae,2026-09-18T00:15:00Z,Buffalo Bills,Detroit Lions,draftkings,DraftKings,player_receptions,Receptions,2026-09-16T19:57:53Z,Isaac TeSlaa,isaac teslaa,Over,1.5,117,3.0,2026-09-27,Isaac TeSlaa,DET,NYJ,WR
56e8897681915f7ec92baeee952bb1ae,2026-09-18T00:15:00Z,Buffalo Bills,Detroit Lions,draftkings,DraftKings,player_receptions,Receptions,2026-09-16T19:57:53Z,Isaac TeSlaa,isaac teslaa,Under,1.5,-149,3.0,2026-09-27,Isaac TeSlaa,DET,NYJ,WR
56e8897681915f7ec92baeee952bb1ae,2026-09-18T00:15:00Z,Buffalo Bills,Detroit Lions,draftkings,DraftKings,player_receptions,Receptions,2026-09-16T19:57:53Z,Jahmyr Gibbs,jahmyr gibbs,Over,4.5,122,3.0,2026-09-27,Jahmyr Gibbs,DET,NYJ,RB
56e8897681915f7ec92baeee952bb1ae,2026-09-18T00:15:00Z,Buffalo Bills,Detroit Lions,draftkings,DraftKings,player_receptions,Receptions,2026-09-16T19:57:53Z,Jahmyr Gibbs,jahmyr gibbs,Under,4.5,-155,3.0,2026-09-27,Jahmyr Gibbs,DET,NYJ,RB
56e8897681915f7ec92baeee952bb1ae,2026-09-18T00:15:00Z,Buffalo Bills,Detroit Lions,draftkings,DraftKings,player_receptions,Receptions,2026-09-16T19:57:53Z,James Cook,james cook,Over,2.5,105,3.0,2026-09-27,James Cook,BUF,LAC,RB
56e8897681915f7ec92baeee952bb1ae,2026-09-18T00:15:00Z,Buffalo Bills,Detroit Lions,draftkings,DraftKings,player_receptions,Receptions,2026-09-16T19:57:53Z,James Cook,james cook,Under,2.5,-134,3.0,2026-09-27,James Cook,BUF,LAC,RB
56e8897681915f7ec92baeee952bb1ae,2026-09-18T00:15:00Z,Buffalo Bills,Detroit Lions,draftkings,DraftKings,player_receptions,Receptions,2026-09-16T19:57:53Z,Jameson Williams,jameson williams,Over,3.5,-162,3.0,2026-09-27,Jameson Williams,DET,NYJ,WR
56e8897681915f7ec92baeee952bb1ae,2026-09-18T00:15:00Z,Buffalo Bills,Detroit Lions,draftkings,DraftKings,player_receptions,Receptions,2026-09-16T19:57:53Z,Jameson Williams,jameson williams,Under,3.5,126,3.0,2026-09-27,Jameson Williams,DET,NYJ,WR
56e8897681915f7ec92baeee952bb1ae,2026-09-18T00:15:00Z,Buffalo Bills,Detroit Lions,draftkings,DraftKings,player_receptions,Receptions,2026-09-16T19:57:53Z,Joshua Palmer,joshua palmer,Over,1.5,158,,,,,,
56e8897681915f7ec92baeee952bb1ae,2026-09-18T00:15:00Z,Buffalo Bills,Detroit Lions,draftkings,DraftKings,player_receptions,Receptions,2026-09-16T19:57:53Z,Joshua Palmer,joshua palmer,Under,1.5,-203,,,,,,
56e8897681915f7ec92baeee952bb1ae,2026-09-18T00:15:00Z,Buffalo Bills,Detroit Lions,draftkings,DraftKings,player_receptions,Receptions,2026-09-16T19:57:53Z,Keon Coleman,keon coleman,Over,1.5,136,3.0,2026-09-27,Keon Coleman,BUF,LAC,WR
56e8897681915f7ec92baeee952bb1ae,2026-09-18T00:15:00Z,Buffalo Bills,Detroit Lions,draftkings,DraftKings,player_receptions,Receptions,2026-09-16T19:57:53Z,Keon Coleman,keon coleman,Under,1.5,-174,3.0,2026-09-27,Keon Coleman,BUF,LAC,WR
56e8897681915f7ec92baeee952bb1ae,2026-09-18T00:15:00Z,Buffalo Bills,Detroit Lions,draftkings,DraftKings,player_receptions,Receptions,2026-09-16T19:57:53Z,Khalil Shakir,khalil shakir,Over,4.5,112,3.0,2026-09-27,Khalil Shakir,BUF,LAC,WR
56e8897681915f7ec92baeee952bb1ae,2026-09-18T00:15:00Z,Buffalo Bills,Detroit Lions,draftkings,DraftKings,player_receptions,Receptions,2026-09-16T19:57:53Z,Khalil Shakir,khalil shakir,Under,4.5,-142,3.0,2026-09-27,Khalil Shakir,BUF,LAC,WR
56e8897681915f7ec92baeee952bb1ae,2026-09-18T00:15:00Z,Buffalo Bills,Detroit Lions,draftkings,DraftKings,player_receptions,Receptions,2026-09-16T19:57:53Z,Sam LaPorta,sam laporta,Over,4.5,105,3.0,2026-09-27,Sam LaPorta,DET,NYJ,TE
56e8897681915f7ec92baeee952bb1ae,2026-09-18T00:15:00Z,Buffalo Bills,Detroit Lions,draftkings,DraftKings,player_receptions,Receptions,2026-09-16T19:57:53Z,Sam LaPorta,sam laporta,Under,4.5,-134,3.0,2026-09-27,Sam LaPorta,DET,NYJ,TE
56e8897681915f7ec92baeee952bb1ae,2026-09-18T00:15:00Z,Buffalo Bills,Detroit Lions,draftkings,DraftKings,player_rush_attempts,Rush Attempts,2026-09-16T19:57:53Z,Jahmyr Gibbs,jahmyr gibbs,Over,18.5,-119,3.0,2026-09-27,Jahmyr Gibbs,DET,NYJ,RB
56e8897681915f7ec92baeee952bb1ae,2026-09-18T00:15:00Z,Buffalo Bills,Detroit Lions,draftkings,DraftKings,player_rush_attempts,Rush Attempts,2026-09-16T19:57:53Z,Jahmyr Gibbs,jahmyr gibbs,Under,18.5,-107,3.0,2026-09-27,Jahmyr Gibbs,DET,NYJ,RB
56e8897681915f7ec92baeee952bb1ae,2026-09-18T00:15:00Z,Buffalo Bills,Detroit Lions,draftkings,DraftKings,player_rush_attempts,Rush Attempts,2026-09-16T19:57:53Z,James Cook,james cook,Over,18.5,-102,3.0,2026-09-27,James Cook,BUF,LAC,RB
56e8897681915f7ec92baeee952bb1ae,2026-09-18T00:15:00Z,Buffalo Bills,Detroit Lions,draftkings,DraftKings,player_rush_attempts,Rush Attempts,2026-09-16T19:57:53Z,James Cook,james cook,Under,18.5,-125,3.0,2026-09-27,James Cook,BUF,LAC,RB
56e8897681915f7ec92baeee952bb1ae,2026-09-18T00:15:00Z,Buffalo Bills,Detroit Lions,draftkings,DraftKings,player_rush_attempts,Rush Attempts,2026-09-16T19:57:53Z,Josh Allen,josh allen,Over,6.5,-145,3.0,2026-09-27,Josh Allen,BUF,LAC,QB
56e8897681915f7ec92baeee952bb1ae,2026-09-18T00:15:00Z,Buffalo Bills,Detroit Lions,draftkings,DraftKings,player_rush_attempts,Rush Attempts,2026-09-16T19:57:53Z,Josh Allen,josh allen,Under,6.5,114,3.0,2026-09-27,Josh Allen,BUF,LAC,QB
56e8897681915f7ec92baeee952bb1ae,2026-09-18T00:15:00Z,Buffalo Bills,Detroit Lions,draftkings,DraftKings,player_rush_yds,Rush Yards,2026-09-16T19:57:53Z,Jahmyr Gibbs,jahmyr gibbs,Over,89.5,-113,3.0,2026-09-27,Jahmyr Gibbs,DET,NYJ,RB
56e8897681915f7ec92baeee952bb1ae,2026-09-18T00:15:00Z,Buffalo Bills,Detroit Lions,draftkings,DraftKings,player_rush_yds,Rush Yards,2026-09-16T19:57:53Z,Jahmyr Gibbs,jahmyr gibbs,Under,89.5,-111,3.0,2026-09-27,Jahmyr Gibbs,DET,NYJ,RB
56e8897681915f7ec92baeee952bb1ae,2026-09-18T00:15:00Z,Buffalo Bills,Detroit Lions,draftkings,DraftKings,player_rush_yds,Rush Yards,2026-09-16T19:57:53Z,James Cook,james cook,Over,78.5,-111,3.0,2026-09-27,James Cook,BUF,LAC,RB
56e8897681915f7ec92baeee952bb1ae,2026-09-18T00:15:00Z,Buffalo Bills,Detroit Lions,draftkings,DraftKings,player_rush_yds,Rush Yards,2026-09-16T19:57:53Z,James Cook,james cook,Under,78.5,-113,3.0,2026-09-27,James Cook,BUF,LAC,RB
56e8897681915f7ec92baeee952bb1ae,2026-09-18T00:15:00Z,Buffalo Bills,Detroit Lions,draftkings,DraftKings,player_rush_yds,Rush Yards,2026-09-16T19:57:53Z,Josh Allen,josh allen,Over,31.5,-113,3.0,2026-09-27,Josh Allen,BUF,LAC,QB
56e8897681915f7ec92baeee952bb1ae,2026-09-18T00:15:00Z,Buffalo Bills,Detroit Lions,draftkings,DraftKings,player_rush_yds,Rush Yards,2026-09-16T19:57:53Z,Josh Allen,josh allen,Under,31.5,-111,3.0,2026-09-27,Josh Allen,BUF,LAC,QB
aee7eae1849ebb103b9bf233e9741392,2026-09-20T17:00:00Z,Atlanta Falcons,Carolina Panthers,draftkings,DraftKings,player_anytime_td,Anytime TD,2026-09-16T19:56:24Z,AJ Dillon,aj dillon,Yes,,850,3.0,2026-09-27,AJ Dillon,CAR,CLE,RB
0283a29e1b38ef78b29b904fd56a16dd,2026-09-20T17:00:00Z,Chicago Bears,Minnesota Vikings,draftkings,DraftKings,player_anytime_td,Anytime TD,2026-09-16T19:57:48Z,Aaron Jones,aaron jones,Yes,,-150,3.0,2026-09-27,Aaron Jones,MIN,TB,RB
4aeee070bb6ec60bdfae4dede61b9014,2026-09-20T17:00:00Z,New York Jets,Green Bay Packers,draftkings,DraftKings,player_anytime_td,Anytime TD,2026-09-16T19:56:40Z,Adonai Mitchell,adonai mitchell,Yes,,330,3.0,2026-09-27,Adonai Mitchell,NYJ,DET,WR
36ad2fa722f4915ef23d2c81351261de,2026-09-20T17:00:00Z,Houston Texans,Cincinnati Bengals,draftkings,DraftKings,player_anytime_td,Anytime TD,2026-09-16T19:58:05Z,Andrei Iosivas,andrei iosivas,Yes,,550,3.0,2026-09-27,Andrei Iosivas,CIN,PIT,WR
aee7eae1849ebb103b9bf233e9741392,2026-09-20T17:00:00Z,Atlanta Falcons,Carolina Panthers,draftkings,DraftKings,player_anytime_td,Anytime TD,2026-09-16T19:56:24Z,Atlanta Falcons D/ST,atlanta falcons d/st,Yes,,800,,,,,,
aee7eae1849ebb103b9bf233e9741392,2026-09-20T17:00:00Z,Atlanta Falcons,Carolina Panthers,draftkings,DraftKings,player_anytime_td,Anytime TD,2026-09-16T19:56:24Z,Austin Hooper,austin hooper,Yes,,1300,3.0,2026-09-27,Austin Hooper,NE,JAX,TE
aee7eae1849ebb103b9bf233e9741392,2026-09-20T17:00:00Z,Atlanta Falcons,Carolina Panthers,draftkings,DraftKings,player_anytime_td,Anytime TD,2026-09-16T19:56:24Z,Bijan Robinson,bijan robinson,Yes,,-185,3.0,2026-09-24,Bijan Robinson,ATL,GB,RB
4aeee070bb6ec60bdfae4dede61b9014,2026-09-20T17:00:00Z,New York Jets,Green Bay Packers,draftkings,DraftKings,player_anytime_td,Anytime TD,2026-09-16T19:56:40Z,Breece Hall,breece hall,Yes,,-115,3.0,2026-09-27,Breece Hall,NYJ,DET,RB
36ad2fa722f4915ef23d2c81351261de,2026-09-20T17:00:00Z,Houston Texans,Cincinnati Bengals,draftkings,DraftKings,player_anytime_td,Anytime TD,2026-09-16T19:58:05Z,Brevin Jordan,brevin jordan,Yes,,2500,3.0,2026-09-27,Brevin Jordan,HOU,IND,TE
aee7eae1849ebb103b9bf233e9741392,2026-09-20T17:00:00Z,Atlanta Falcons,Carolina Panthers,draftkings,DraftKings,player_anytime_td,Anytime TD,2026-09-16T19:56:24Z,Brian Robinson Jr.,brian robinson jr,Yes,,360,,,,,,
36ad2fa722f4915ef23d2c81351261de,2026-09-20T17:00:00Z,Houston Texans,Cincinnati Bengals,draftkings,DraftKings,player_anytime_td,Anytime TD,2026-09-16T19:58:05Z,British Brooks,british brooks,Yes,,2800,3.0,2026-09-27,British Brooks,HOU,IND,RB
aee7eae1849ebb103b9bf233e9741392,2026-09-20T17:00:00Z,Atlanta Falcons,Carolina Panthers,draftkings,DraftKings,player_anytime_td,Anytime TD,2026-09-16T19:56:24Z,Bryce Young,bryce young,Yes,,450,3.0,2026-09-27,Bryce Young,CAR,CLE,QB
aee7eae1849ebb103b9bf233e9741392,2026-09-20T17:00:00Z,Atlanta Falcons,Carolina Panthers,draftkings,DraftKings,player_anytime_td,Anytime TD,2026-09-16T19:56:24Z,Brycen Tremayne,brycen tremayne,Yes,,2200,3.0,2026-09-27,Brycen Tremayne,CAR,CLE,WR
0636ebff776d43f8c829a36713c80b22,2026-09-20T17:00:00Z,Tampa Bay Buccaneers,Cleveland Browns,draftkings,DraftKings,player_anytime_td,Anytime TD,2026-09-16T19:57:47Z,Bucky Irving,bucky irving,Yes,,-105,3.0,2026-09-27,Bucky Irving,TB,MIN,RB
36ad2fa722f4915ef23d2c81351261de,2026-09-20T17:00:00Z,Houston Texans,Cincinnati Bengals,draftkings,DraftKings,player_anytime_td,Anytime TD,2026-09-16T19:58:05Z,C.J. Stroud,cj stroud,Yes,,900,3.0,2026-09-27,C.J. Stroud,HOU,IND,QB
36ad2fa722f4915ef23d2c81351261de,2026-09-20T17:00:00Z,Houston Texans,Cincinnati Bengals,draftkings,DraftKings,player_anytime_td,Anytime TD,2026-09-16T19:58:05Z,Cade Stover,cade stover,Yes,,1200,3.0,2026-09-27,Cade Stover,HOU,IND,TE
0283a29e1b38ef78b29b904fd56a16dd,2026-09-20T17:00:00Z,Chicago Bears,Minnesota Vikings,draftkings,DraftKings,player_anytime_td,Anytime TD,2026-09-16T19:57:48Z,Caleb Williams,caleb williams,Yes,,360,3.0,2026-09-28,Caleb Williams,CHI,PHI,QB
aee7eae1849ebb103b9bf233e9741392,2026-09-20T17:00:00Z,Atlanta Falcons,Carolina Panthers,draftkings,DraftKings,player_anytime_td,Anytime TD,2026-09-16T19:56:24Z,Carolina Panthers D/ST,carolina panthers d/st,Yes,,700,,,,,,
0283a29e1b38ef78b29b904fd56a16dd,2026-09-20T17:00:00Z,Chicago Bears,Minnesota Vikings,draftkings,DraftKings,player_anytime_td,Anytime TD,2026-09-16T19:57:48Z,Carson Wentz,carson wentz,Yes,,1000,3.0,2026-09-27,Carson Wentz,MIN,TB,QB
aee7eae1849ebb103b9bf233e9741392,2026-09-20T17:00:00Z,Atlanta Falcons,Carolina Panthers,draftkings,DraftKings,player_anytime_td,Anytime TD,2026-09-16T19:56:24Z,Charlie Woerner,charlie woerner,Yes,,2000,3.0,2026-09-24,Charlie Woerner,ATL,GB,TE
36ad2fa722f4915ef23d2c81351261de,2026-09-20T17:00:00Z,Houston Texans,Cincinnati Bengals,draftkings,DraftKings,player_anytime_td,Anytime TD,2026-09-16T19:58:05Z,Chase Brown,chase brown,Yes,,105,3.0,2026-09-27,Chase Brown,CIN,PIT,RB
0283a29e1b38ef78b29b904fd56a16dd,2026-09-20T17:00:00Z,Chicago Bears,Minnesota Vikings,draftkings,DraftKings,player_anytime_td,Anytime TD,2026-09-16T19:57:48Z,Chicago Bears D/ST,chicago bears d/st,Yes,,700,,,,,,
2143ade9684fd876b68a4e8cbf451f05,2026-09-20T17:00:00Z,Baltimore Ravens,New Orleans Saints,draftkings,DraftKings,player_anytime_td,Anytime TD,2026-09-16T19:58:06Z,Chris Olave,chris olave,Yes,,170,3.0,2026-09-27,Chris Olave,NO,LV,WR
4aeee070bb6ec60bdfae4dede61b9014,2026-09-20T17:00:00Z,New York Jets,Green Bay Packers,draftkings,DraftKings,player_anytime_td,Anytime TD,2026-09-16T19:56:40Z,Christian Watson,christian watson,Yes,,185,3.0,2026-09-24,Christian Watson,GB,ATL,WR
aee7eae1849ebb103b9bf233e9741392,2026-09-20T17:00:00Z,Atlanta Falcons,Carolina Panthers,draftkings,DraftKings,player_anytime_td,Anytime TD,2026-09-16T19:56:24Z,Chuba Hubbard,chuba hubbard,Yes,,-125,3.0,2026-09-27,Chuba Hubbard,CAR,CLE,RB
36ad2fa722f4915ef23d2c81351261de,2026-09-20T17:00:00Z,Houston Texans,Cincinnati Bengals,draftkings,DraftKings,player_anytime_td,Anytime TD,2026-09-16T19:58:05Z,Cincinnati Bengals D/ST,cincinnati bengals d/st,Yes,,600,,,,,,
36ad2fa722f4915ef23d2c81351261de,2026-09-20T17:00:00Z,Houston Texans,Cincinnati Bengals,draftkings,DraftKings,player_anytime_td,Anytime TD,2026-09-16T19:58:05Z,Colbie Young,colbie young,Yes,,2200,,,,,,
0283a29e1b38ef78b29b904fd56a16dd,2026-09-20T17:00:00Z,Chicago Bears,Minnesota Vikings,draftkings,DraftKings,player_anytime_td,Anytime TD,2026-09-16T19:57:48Z,Cole Kmet,cole kmet,Yes,,450,3.0,2026-09-28,Cole Kmet,CHI,PHI,TE
0283a29e1b38ef78b29b904fd56a16dd,2026-09-20T17:00:00Z,Chicago Bears,Minnesota Vikings,draftkings,DraftKings,player_anytime_td,Anytime TD,2026-09-16T19:57:48Z,Colston Loveland,colston loveland,Yes,,155,3.0,2026-09-28,Colston Loveland,CHI,PHI,TE
0283a29e1b38ef78b29b904fd56a16dd,2026-09-20T17:00:00Z,Chicago Bears,Minnesota Vikings,draftkings,DraftKings,player_anytime_td,Anytime TD,2026-09-16T19:57:48Z,D'Andre Swift,dandre swift,Yes,,-150,3.0,2026-09-28,D'Andre Swift,CHI,PHI,RB
36ad2fa722f4915ef23d2c81351261de,2026-09-20T17:00:00Z,Houston Texans,Cincinnati Bengals,draftkings,DraftKings,player_anytime_td,Anytime TD,2026-09-16T19:58:05Z,Dalton Schultz,dalton schultz,Yes,,310,3.0,2026-09-27,Dalton Schultz,HOU,IND,TE
aee7eae1849ebb103b9bf233e9741392,2026-09-20T17:00:00Z,Atlanta Falcons,Carolina Panthers,draftkings,DraftKings,player_anytime_td,Anytime TD,2026-09-16T19:56:24Z,Darren Waller,darren waller,Yes,,425,3.0,2026-09-27,Darren Waller,CAR,CLE,TE
36ad2fa722f4915ef23d2c81351261de,2026-09-20T17:00:00Z,Houston Texans,Cincinnati Bengals,draftkings,DraftKings,player_anytime_td,Anytime TD,2026-09-16T19:58:05Z,David Montgomery,david montgomery,Yes,,-150,3.0,2026-09-27,David Montgomery,HOU,IND,RB
2143ade9684fd876b68a4e8cbf451f05,2026-09-20T17:00:00Z,Baltimore Ravens,New Orleans Saints,draftkings,DraftKings,player_anytime_td,Anytime TD,2026-09-16T19:58:06Z,Derrick Henry,derrick henry,Yes,,-280,3.0,2026-09-27,Derrick Henry,BAL,DAL,RB
2143ade9684fd876b68a4e8cbf451f05,2026-09-20T17:00:00Z,Baltimore Ravens,New Orleans Saints,draftkings,DraftKings,player_anytime_td,Anytime TD,2026-09-16T19:58:06Z,Devaughn Vele,devaughn vele,Yes,,300,3.0,2026-09-27,Devaughn Vele,NO,LV,WR
36ad2fa722f4915ef23d2c81351261de,2026-09-20T17:00:00Z,Houston Texans,Cincinnati Bengals,draftkings,DraftKings,player_anytime_td,Anytime TD,2026-09-16T19:58:05Z,Dohnte Meyers,dohnte meyers,Yes,,1300,,,,,,
aee7eae1849ebb103b9bf233e9741392,2026-09-20T17:00:00Z,Atlanta Falcons,Carolina Panthers,draftkings,DraftKings,player_anytime_td,Anytime TD,2026-09-16T19:56:24Z,Drake London,drake london,Yes,,170,3.0,2026-09-24,Drake London,ATL,GB,WR
36ad2fa722f4915ef23d2c81351261de,2026-09-20T17:00:00Z,Houston Texans,Cincinnati Bengals,draftkings,DraftKings,player_anytime_td,Anytime TD,2026-09-16T19:58:05Z,Drew Sample,drew sample,Yes,,1400,3.0,2026-09-27,Drew Sample,CIN,PIT,TE
0636ebff776d43f8c829a36713c80b22,2026-09-20T17:00:00Z,Tampa Bay Buccaneers,Cleveland Browns,draftkings,DraftKings,player_anytime_td,Anytime TD,2026-09-16T19:57:47Z,Emeka Egbuka,emeka egbuka,Yes,,180,3.0,2026-09-27,Emeka Egbuka,TB,MIN,WR
36ad2fa722f4915ef23d2c81351261de,2026-09-20T17:00:00Z,Houston Texans,Cincinnati Bengals,draftkings,DraftKings,player_anytime_td,Anytime TD,2026-09-16T19:58:05Z,Erick All,erick all,Yes,,1100,3.0,2026-09-27,Erick All,CIN,PIT,TE
aee7eae1849ebb103b9bf233e9741392,2026-09-20T17:00:00Z,Atlanta Falcons,Carolina Panthers,draftkings,DraftKings,player_anytime_td,Anytime TD,2026-09-16T19:56:24Z,Feleipe Franks,feleipe franks,Yes,,6500,3.0,2026-09-27,Feleipe Franks,CAR,CLE,TE
36ad2fa722f4915ef23d2c81351261de,2026-09-20T17:00:00Z,Houston Texans,Cincinnati Bengals,draftkings,DraftKings,player_anytime_td,Anytime TD,2026-09-16T19:58:05Z,Foster Moreau,foster moreau,Yes,,1000,3.0,2026-09-27,Foster Moreau,HOU,IND,TE
4aeee070bb6ec60bdfae4dede61b9014,2026-09-20T17:00:00Z,New York Jets,Green Bay Packers,draftkings,DraftKings,player_anytime_td,Anytime TD,2026-09-16T19:56:40Z,Garrett Wilson,garrett wilson,Yes,,190,3.0,2026-09-27,Garrett Wilson,NYJ,DET,WR
4aeee070bb6ec60bdfae4dede61b9014,2026-09-20T17:00:00Z,New York Jets,Green Bay Packers,draftkings,DraftKings,player_anytime_td,Anytime TD,2026-09-16T19:56:40Z,Geno Smith,geno smith,Yes,,1000,3.0,2026-09-27,Geno Smith,NYJ,DET,QB
36ad2fa722f4915ef23d2c81351261de,2026-09-20T17:00:00Z,Houston Texans,Cincinnati Bengals,draftkings,DraftKings,player_anytime_td,Anytime TD,2026-09-16T19:58:05Z,Houston Texans D/ST,houston texans d/st,Yes,,550,,,,,,
36ad2fa722f4915ef23d2c81351261de,2026-09-20T17:00:00Z,Houston Texans,Cincinnati Bengals,draftkings,DraftKings,player_anytime_td,Anytime TD,2026-09-16T19:58:05Z,Ja'Marr Chase,jamarr chase,Yes,,120,3.0,2026-09-27,Ja'Marr Chase,CIN,PIT,WR
aee7eae1849ebb103b9bf233e9741392,2026-09-20T17:00:00Z,Atlanta Falcons,Carolina Panthers,draftkings,DraftKings,player_anytime_td,Anytime TD,2026-09-16T19:56:24Z,Ja'Tavion Sanders,jatavion sanders,Yes,,1700,3.0,2026-09-27,Ja'Tavion Sanders,CAR,CLE,TE
aee7eae1849ebb103b9bf233e9741392,2026-09-20T17:00:00Z,Atlanta Falcons,Carolina Panthers,draftkings,DraftKings,player_anytime_td,Anytime TD,2026-09-16T19:56:24Z,Jahan Dotson,jahan dotson,Yes,,600,3.0,2026-09-24,Jahan Dotson,ATL,GB,WR
0283a29e1b38ef78b29b904fd56a16dd,2026-09-20T17:00:00Z,Chicago Bears,Minnesota Vikings,draftkings,DraftKings,player_anytime_td,Anytime TD,2026-09-16T19:57:48Z,Jahdae Walker,jahdae walker,Yes,,1000,3.0,2026-09-28,Jahdae Walker,CHI,PHI,WR
aee7eae1849ebb103b9bf233e9741392,2026-09-20T17:00:00Z,Atlanta Falcons,Carolina Panthers,draftkings,DraftKings,player_anytime_td,Anytime TD,2026-09-16T19:56:24Z,Jalen Coker,jalen coker,Yes,,275,3.0,2026-09-27,Jalen Coker,CAR,CLE,WR
36ad2fa722f4915ef23d2c81351261de,2026-09-20T17:00:00Z,Houston Texans,Cincinnati Bengals,draftkings,DraftKings,player_anytime_td,Anytime TD,2026-09-16T19:58:05Z,Jared Wayne,jared wayne,Yes,,2500,,,,,,
0283a29e1b38ef78b29b904fd56a16dd,2026-09-20T17:00:00Z,Chicago Bears,Minnesota Vikings,draftkings,DraftKings,player_anytime_td,Anytime TD,2026-09-16T19:57:48Z,Jauan Jennings,jauan jennings,Yes,,370,3.0,2026-09-27,Jauan Jennings,MIN,TB,WR
4aeee070bb6ec60bdfae4dede61b9014,2026-09-20T17:00:00Z,New York Jets,Green Bay Packers,draftkings,DraftKings,player_anytime_td,Anytime TD,2026-09-16T19:56:40Z,Jayden Reed,jayden reed,Yes,,285,3.0,2026-09-24,Jayden Reed,GB,ATL,WR
36ad2fa722f4915ef23d2c81351261de,2026-09-20T17:00:00Z,Houston Texans,Cincinnati Bengals,draftkings,DraftKings,player_anytime_td,Anytime TD,2026-09-16T19:58:05Z,Jaylin Noel,jaylin noel,Yes,,400,3.0,2026-09-27,Jaylin Noel,HOU,IND,WR
36ad2fa722f4915ef23d2c81351261de,2026-09-20T17:00:00Z,Houston Texans,Cincinnati Bengals,draftkings,DraftKings,player_anytime_td,Anytime TD,2026-09-16T19:58:05Z,Joe Burrow,joe burrow,Yes,,900,3.0,2026-09-27,Joe Burrow,CIN,PIT,QB
aee7eae1849ebb103b9bf233e9741392,2026-09-20T17:00:00Z,Atlanta Falcons,Carolina Panthers,draftkings,DraftKings,player_anytime_td,Anytime TD,2026-09-16T19:56:24Z,John Metchie III,john metchie iii,Yes,,1200,3.0,2026-09-27,John Metchie III,NYJ,DET,WR
aee7eae1849ebb103b9bf233e9741392,2026-09-20T17:00:00Z,Atlanta Falcons,Carolina Panthers,draftkings,DraftKings,player_anytime_td,Anytime TD,2026-09-16T19:56:24Z,Jonathon Brooks,jonathon brooks,Yes,,300,3.0,2026-09-27,Jonathon Brooks,CAR,CLE,RB
0283a29e1b38ef78b29b904fd56a16dd,2026-09-20T17:00:00Z,Chicago Bears,Minnesota Vikings,draftkings,DraftKings,player_anytime_td,Anytime TD,2026-09-16T19:57:48Z,Jordan Addison,jordan addison,Yes,,275,3.0,2026-09-27,Jordan Addison,MIN,TB,WR
4aeee070bb6ec60bdfae4dede61b9014,2026-09-20T17:00:00Z,New York Jets,Green Bay Packers,draftkings,DraftKings,player_anytime_td,Anytime TD,2026-09-16T19:56:40Z,Jordan Love,jordan love,Yes,,750,3.0,2026-09-24,Jordan Love,GB,ATL,QB
0283a29e1b38ef78b29b904fd56a16dd,2026-09-20T17:00:00Z,Chicago Bears,Minnesota Vikings,draftkings,DraftKings,player_anytime_td,Anytime TD,2026-09-16T19:57:48Z,Josh Oliver,josh oliver,Yes,,850,3.0,2026-09-27,Josh Oliver,MIN,TB,TE
0283a29e1b38ef78b29b904fd56a16dd,2026-09-20T17:00:00Z,Chicago Bears,Minnesota Vikings,draftkings,DraftKings,player_anytime_td,Anytime TD,2026-09-16T19:57:48Z,Justin Jefferson,justin jefferson,Yes,,150,3.0,2026-09-27,Justin Jefferson,MIN,TB,WR
0283a29e1b38ef78b29b904fd56a16dd,2026-09-20T17:00:00Z,Chicago Bears,Minnesota Vikings,draftkings,DraftKings,player_anytime_td,Anytime TD,2026-09-16T19:57:48Z,Kalif Raymond,kalif raymond,Yes,,295,3.0,2026-09-28,Kalif Raymond,CHI,PHI,WR
36ad2fa722f4915ef23d2c81351261de,2026-09-20T17:00:00Z,Houston Texans,Cincinnati Bengals,draftkings,DraftKings,player_anytime_td,Anytime TD,2026-09-16T19:58:05Z,Kayshon Boutte,kayshon boutte,Yes,,360,3.0,2026-09-27,Kayshon Boutte,HOU,IND,WR
36ad2fa722f4915ef23d2c81351261de,2026-09-20T17:00:00Z,Houston Texans,Cincinnati Bengals,draftkings,DraftKings,player_anytime_td,Anytime TD,2026-09-16T19:58:05Z,Ke'Shawn Williams,keshawn williams,Yes,,2800,3.0,2026-09-27,Ke'Shawn Williams,CIN,PIT,WR
4aeee070bb6ec60bdfae4dede61b9014,2026-09-20T17:00:00Z,New York Jets,Green Bay Packers,draftkings,DraftKings,player_anytime_td,Anytime TD,2026-09-16T19:56:40Z,Kenyon Sadiq,kenyon sadiq,Yes,,400,,,,,,
0283a29e1b38ef78b29b904fd56a16dd,2026-09-20T17:00:00Z,Chicago Bears,Minnesota Vikings,draftkings,DraftKings,player_anytime_td,Anytime TD,2026-09-16T19:57:48Z,Kyle Monangai,kyle monangai,Yes,,160,3.0,2026-09-28,Kyle Monangai,CHI,PHI,RB
aee7eae1849ebb103b9bf233e9741392,2026-09-20T17:00:00Z,Atlanta Falcons,Carolina Panthers,draftkings,DraftKings,player_anytime_td,Anytime TD,2026-09-16T19:56:24Z,Kyle Pitts,kyle pitts,Yes,,350,3.0,2026-09-24,Kyle Pitts,ATL,GB,TE
2143ade9684fd876b68a4e8cbf451f05,2026-09-20T17:00:00Z,Baltimore Ravens,New Orleans Saints,draftkings,DraftKings,player_anytime_td,Anytime TD,2026-09-16T19:58:06Z,Lamar Jackson,lamar jackson,Yes,,195,3.0,2026-09-27,Lamar Jackson,BAL,DAL,QB
0283a29e1b38ef78b29b904fd56a16dd,2026-09-20T17:00:00Z,Chicago Bears,Minnesota Vikings,draftkings,DraftKings,player_anytime_td,Anytime TD,2026-09-16T19:57:48Z,Luther Burden III,luther burden iii,Yes,,190,3.0,2026-09-28,Luther Burden III,CHI,PHI,WR
4aeee070bb6ec60bdfae4dede61b9014,2026-09-20T17:00:00Z,New York Jets,Green Bay Packers,draftkings,DraftKings,player_anytime_td,Anytime TD,2026-09-16T19:56:40Z,MarShawn Lloyd,marshawn lloyd,Yes,,100,,,,,,
36ad2fa722f4915ef23d2c81351261de,2026-09-20T17:00:00Z,Houston Texans,Cincinnati Bengals,draftkings,DraftKings,player_anytime_td,Anytime TD,2026-09-16T19:58:05Z,Marlin Klein,marlin klein,Yes,,2800,,,,,,
4aeee070bb6ec60bdfae4dede61b9014,2026-09-20T17:00:00Z,New York Jets,Green Bay Packers,draftkings,DraftKings,player_anytime_td,Anytime TD,2026-09-16T19:56:40Z,Matthew Golden,matthew golden,Yes,,220,3.0,2026-09-24,Matthew Golden,GB,ATL,WR
36ad2fa722f4915ef23d2c81351261de,2026-09-20T17:00:00Z,Houston Texans,Cincinnati Bengals,draftkings,DraftKings,player_anytime_td,Anytime TD,2026-09-16T19:58:05Z,Mike Gesicki,mike gesicki,Yes,,280,3.0,2026-09-27,Mike Gesicki,CIN,PIT,TE
0283a29e1b38ef78b29b904fd56a16dd,2026-09-20T17:00:00Z,Chicago Bears,Minnesota Vikings,draftkings,DraftKings,player_anytime_td,Anytime TD,2026-09-16T19:57:48Z,Minnesota Vikings D/ST,minnesota vikings d/st,Yes,,800,,,,,,
aee7eae1849ebb103b9bf233e9741392,2026-09-20T17:00:00Z,Atlanta Falcons,Carolina Panthers,draftkings,DraftKings,player_anytime_td,Anytime TD,2026-09-16T19:56:24Z,Mitchell Evans,mitchell evans,Yes,,950,3.0,2026-09-27,Mitchell Evans,CAR,CLE,TE
36ad2fa722f4915ef23d2c81351261de,2026-09-20T17:00:00Z,Houston Texans,Cincinnati Bengals,draftkings,DraftKings,player_anytime_td,Anytime TD,2026-09-16T19:58:05Z,Nico Collins,nico collins,Yes,,140,3.0,2026-09-27,Nico Collins,HOU,IND,WR
aee7eae1849ebb103b9bf233e9741392,2026-09-20T17:00:00Z,Atlanta Falcons,Carolina Panthers,draftkings,DraftKings,player_anytime_td,Anytime TD,2026-09-16T19:56:24Z,Olamide Zaccheaus,olamide zaccheaus,Yes,,700,3.0,2026-09-24,Olamide Zaccheaus,ATL,GB,WR
0636ebff776d43f8c829a36713c80b22,2026-09-20T17:00:00Z,Tampa Bay Buccaneers,Cleveland Browns,draftkings,DraftKings,player_anytime_td,Anytime TD,2026-09-16T19:57:47Z,Quinshon Judkins,quinshon judkins,Yes,,155,3.0,2026-09-27,Quinshon Judkins,CLE,CAR,RB
0283a29e1b38ef78b29b904fd56a16dd,2026-09-20T17:00:00Z,Chicago Bears,Minnesota Vikings,draftkings,DraftKings,player_anytime_td,Anytime TD,2026-09-16T19:57:48Z,Rome Odunze,rome odunze,Yes,,185,3.0,2026-09-28,Rome Odunze,CHI,PHI,WR
0283a29e1b38ef78b29b904fd56a16dd,2026-09-20T17:00:00Z,Chicago Bears,Minnesota Vikings,draftkings,DraftKings,player_anytime_td,Anytime TD,2026-09-16T19:57:48Z,Roschon Johnson,roschon johnson,Yes,,3000,3.0,2026-09-28,Roschon Johnson,CHI,PHI,RB
0283a29e1b38ef78b29b904fd56a16dd,2026-09-20T17:00:00Z,Chicago Bears,Minnesota Vikings,draftkings,DraftKings,player_anytime_td,Anytime TD,2026-09-16T19:57:48Z,Sam Roush,sam roush,Yes,,3500,,,,,,
36ad2fa722f4915ef23d2c81351261de,2026-09-20T17:00:00Z,Houston Texans,Cincinnati Bengals,draftkings,DraftKings,player_anytime_td,Anytime TD,2026-09-16T19:58:05Z,Samaje Perine,samaje perine,Yes,,500,3.0,2026-09-27,Samaje Perine,CIN,PIT,RB
0283a29e1b38ef78b29b904fd56a16dd,2026-09-20T17:00:00Z,Chicago Bears,Minnesota Vikings,draftkings,DraftKings,player_anytime_td,Anytime TD,2026-09-16T19:57:48Z,T.J. Hockenson,tj hockenson,Yes,,380,3.0,2026-09-27,T.J. Hockenson,MIN,TB,TE
36ad2fa722f4915ef23d2c81351261de,2026-09-20T17:00:00Z,Houston Texans,Cincinnati Bengals,draftkings,DraftKings,player_anytime_td,Anytime TD,2026-09-16T19:58:05Z,Tahj Brooks,tahj brooks,Yes,,2800,3.0,2026-09-27,Tahj Brooks,CIN,PIT,RB
36ad2fa722f4915ef23d2c81351261de,2026-09-20T17:00:00Z,Houston Texans,Cincinnati Bengals,draftkings,DraftKings,player_anytime_td,Anytime TD,2026-09-16T19:58:05Z,Tanner Hudson,tanner hudson,Yes,,1500,3.0,2026-09-27,Tanner Hudson,CIN,PIT,TE
36ad2fa722f4915ef23d2c81351261de,2026-09-20T17:00:00Z,Houston Texans,Cincinnati Bengals,draftkings,DraftKings,player_anytime_td,Anytime TD,2026-09-16T19:58:05Z,Tee Higgins,tee higgins,Yes,,170,3.0,2026-09-27,Tee Higgins,CIN,PIT,WR
aee7eae1849ebb103b9bf233e9741392,2026-09-20T17:00:00Z,Atlanta Falcons,Carolina Panthers,draftkings,DraftKings,player_anytime_td,Anytime TD,2026-09-16T19:56:24Z,Tetairoa McMillan,tetairoa mcmillan,Yes,,190,3.0,2026-09-27,Tetairoa McMillan,CAR,CLE,WR
aee7eae1849ebb103b9bf233e9741392,2026-09-20T17:00:00Z,Atlanta Falcons,Carolina Panthers,draftkings,DraftKings,player_anytime_td,Anytime TD,2026-09-16T19:56:24Z,Tommy Tremble,tommy tremble,Yes,,550,3.0,2026-09-27,Tommy Tremble,CAR,CLE,TE
2143ade9684fd876b68a4e8cbf451f05,2026-09-20T17:00:00Z,Baltimore Ravens,New Orleans Saints,draftkings,DraftKings,player_anytime_td,Anytime TD,2026-09-16T19:58:06Z,Travis Etienne Jr.,travis etienne jr,Yes,,105,,,,,,
4aeee070bb6ec60bdfae4dede61b9014,2026-09-20T17:00:00Z,New York Jets,Green Bay Packers,draftkings,DraftKings,player_anytime_td,Anytime TD,2026-09-16T19:56:40Z,Tucker Kraft,tucker kraft,Yes,,170,3.0,2026-09-24,Tucker Kraft,GB,ATL,TE
2143ade9684fd876b68a4e8cbf451f05,2026-09-20T17:00:00Z,Baltimore Ravens,New Orleans Saints,draftkings,DraftKings,player_anytime_td,Anytime TD,2026-09-16T19:58:06Z,Tyler Shough,tyler shough,Yes,,425,3.0,2026-09-27,Tyler Shough,NO,LV,QB
36ad2fa722f4915ef23d2c81351261de,2026-09-20T17:00:00Z,Houston Texans,Cincinnati Bengals,draftkings,DraftKings,player_anytime_td,Anytime TD,2026-09-16T19:58:05Z,Woody Marks,woody marks,Yes,,215,3.0,2026-09-27,Woody Marks,HOU,IND,RB
36ad2fa722f4915ef23d2c81351261de,2026-09-20T17:00:00Z,Houston Texans,Cincinnati Bengals,draftkings,DraftKings,player_anytime_td,Anytime TD,2026-09-16T19:58:05Z,Xavier Hutchinson,xavier hutchinson,Yes,,370,3.0,2026-09-27,Xavier Hutchinson,HOU,IND,WR
aee7eae1849ebb103b9bf233e9741392,2026-09-20T17:00:00Z,Atlanta Falcons,Carolina Panthers,draftkings,DraftKings,player_anytime_td,Anytime TD,2026-09-16T19:56:24Z,Xavier Legette,xavier legette,Yes,,500,3.0,2026-09-27,Xavier Legette,CAR,CLE,WR
aee7eae1849ebb103b9bf233e9741392,2026-09-20T17:00:00Z,Atlanta Falcons,Carolina Panthers,draftkings,DraftKings,player_anytime_td,Anytime TD,2026-09-16T19:56:24Z,Zachariah Branch,zachariah branch,Yes,,850,,,,,,
aee7eae1849ebb103b9bf233e9741392,2026-09-20T17:00:00Z,Atlanta Falcons,Carolina Panthers,draftkings,DraftKings,player_pass_attempts,Pass Attempts,2026-09-16T19:56:24Z,Bryce Young,bryce young,Over,30.5,-110,3.0,2026-09-27,Bryce Young,CAR,CLE,QB
aee7eae1849ebb103b9bf233e9741392,2026-09-20T17:00:00Z,Atlanta Falcons,Carolina Panthers,draftkings,DraftKings,player_pass_attempts,Pass Attempts,2026-09-16T19:56:24Z,Bryce Young,bryce young,Under,30.5,-115,3.0,2026-09-27,Bryce Young,CAR,CLE,QB
0283a29e1b38ef78b29b904fd56a16dd,2026-09-20T17:00:00Z,Chicago Bears,Minnesota Vikings,draftkings,DraftKings,player_pass_attempts,Pass Attempts,2026-09-16T19:57:48Z,Caleb Williams,caleb williams,Over,31.5,101,3.0,2026-09-28,Caleb Williams,CHI,PHI,QB
0283a29e1b38ef78b29b904fd56a16dd,2026-09-20T17:00:00Z,Chicago Bears,Minnesota Vikings,draftkings,DraftKings,player_pass_attempts,Pass Attempts,2026-09-16T19:57:48Z,Caleb Williams,caleb williams,Under,31.5,-129,3.0,2026-09-28,Caleb Williams,CHI,PHI,QB
0283a29e1b38ef78b29b904fd56a16dd,2026-09-20T17:00:00Z,Chicago Bears,Minnesota Vikings,draftkings,DraftKings,player_pass_attempts,Pass Attempts,2026-09-16T19:57:48Z,Carson Wentz,carson wentz,Over,30.5,-113,3.0,2026-09-27,Carson Wentz,MIN,TB,QB
0283a29e1b38ef78b29b904fd56a16dd,2026-09-20T17:00:00Z,Chicago Bears,Minnesota Vikings,draftkings,DraftKings,player_pass_attempts,Pass Attempts,2026-09-16T19:57:48Z,Carson Wentz,carson wentz,Under,30.5,-113,3.0,2026-09-27,Carson Wentz,MIN,TB,QB
2143ade9684fd876b68a4e8cbf451f05,2026-09-20T17:00:00Z,Baltimore Ravens,New Orleans Saints,draftkings,DraftKings,player_pass_attempts,Pass Attempts,2026-09-16T19:58:06Z,Lamar Jackson,lamar jackson,Over,28.5,-127,3.0,2026-09-27,Lamar Jackson,BAL,DAL,QB
2143ade9684fd876b68a4e8cbf451f05,2026-09-20T17:00:00Z,Baltimore Ravens,New Orleans Saints,draftkings,DraftKings,player_pass_attempts,Pass Attempts,2026-09-16T19:58:06Z,Lamar Jackson,lamar jackson,Under,28.5,-101,3.0,2026-09-27,Lamar Jackson,BAL,DAL,QB
2143ade9684fd876b68a4e8cbf451f05,2026-09-20T17:00:00Z,Baltimore Ravens,New Orleans Saints,draftkings,DraftKings,player_pass_attempts,Pass Attempts,2026-09-16T19:58:06Z,Tyler Shough,tyler shough,Over,34.5,-109,3.0,2026-09-27,Tyler Shough,NO,LV,QB
2143ade9684fd876b68a4e8cbf451f05,2026-09-20T17:00:00Z,Baltimore Ravens,New Orleans Saints,draftkings,DraftKings,player_pass_attempts,Pass Attempts,2026-09-16T19:58:06Z,Tyler Shough,tyler shough,Under,34.5,-116,3.0,2026-09-27,Tyler Shough,NO,LV,QB
aee7eae1849ebb103b9bf233e9741392,2026-09-20T17:00:00Z,Atlanta Falcons,Carolina Panthers,draftkings,DraftKings,player_pass_completions,Pass Completions,2026-09-16T19:56:24Z,Bryce Young,bryce young,Over,20.5,102,3.0,2026-09-27,Bryce Young,CAR,CLE,QB
aee7eae1849ebb103b9bf233e9741392,2026-09-20T17:00:00Z,Atlanta Falcons,Carolina Panthers,draftkings,DraftKings,player_pass_completions,Pass Completions,2026-09-16T19:56:24Z,Bryce Young,bryce young,Under,20.5,-130,3.0,2026-09-27,Bryce Young,CAR,CLE,QB
0283a29e1b38ef78b29b904fd56a16dd,2026-09-20T17:00:00Z,Chicago Bears,Minnesota Vikings,draftkings,DraftKings,player_pass_completions,Pass Completions,2026-09-16T19:57:48Z,Caleb Williams,caleb williams,Over,19.5,-123,3.0,2026-09-28,Caleb Williams,CHI,PHI,QB
0283a29e1b38ef78b29b904fd56a16dd,2026-09-20T17:00:00Z,Chicago Bears,Minnesota Vikings,draftkings,DraftKings,player_pass_completions,Pass Completions,2026-09-16T19:57:48Z,Caleb Williams,caleb williams,Under,19.5,-104,3.0,2026-09-28,Caleb Williams,CHI,PHI,QB
0283a29e1b38ef78b29b904fd56a16dd,2026-09-20T17:00:00Z,Chicago Bears,Minnesota Vikings,draftkings,DraftKings,player_pass_completions,Pass Completions,2026-09-16T19:57:48Z,Carson Wentz,carson wentz,Over,19.5,-113,3.0,2026-09-27,Carson Wentz,MIN,TB,QB
0283a29e1b38ef78b29b904fd56a16dd,2026-09-20T17:00:00Z,Chicago Bears,Minnesota Vikings,draftkings,DraftKings,player_pass_completions,Pass Completions,2026-09-16T19:57:48Z,Carson Wentz,carson wentz,Under,19.5,-113,3.0,2026-09-27,Carson Wentz,MIN,TB,QB
2143ade9684fd876b68a4e8cbf451f05,2026-09-20T17:00:00Z,Baltimore Ravens,New Orleans Saints,draftkings,DraftKings,player_pass_completions,Pass Completions,2026-09-16T19:58:06Z,Lamar Jackson,lamar jackson,Over,19.5,102,3.0,2026-09-27,Lamar Jackson,BAL,DAL,QB
2143ade9684fd876b68a4e8cbf451f05,2026-09-20T17:00:00Z,Baltimore Ravens,New Orleans Saints,draftkings,DraftKings,player_pass_completions,Pass Completions,2026-09-16T19:58:06Z,Lamar Jackson,lamar jackson,Under,19.5,-130,3.0,2026-09-27,Lamar Jackson,BAL,DAL,QB
2143ade9684fd876b68a4e8cbf451f05,2026-09-20T17:00:00Z,Baltimore Ravens,New Orleans Saints,draftkings,DraftKings,player_pass_completions,Pass Completions,2026-09-16T19:58:06Z,Tyler Shough,tyler shough,Over,21.5,-114,3.0,2026-09-27,Tyler Shough,NO,LV,QB
2143ade9684fd876b68a4e8cbf451f05,2026-09-20T17:00:00Z,Baltimore Ravens,New Orleans Saints,draftkings,DraftKings,player_pass_completions,Pass Completions,2026-09-16T19:58:06Z,Tyler Shough,tyler shough,Under,21.5,-112,3.0,2026-09-27,Tyler Shough,NO,LV,QB
aee7eae1849ebb103b9bf233e9741392,2026-09-20T17:00:00Z,Atlanta Falcons,Carolina Panthers,draftkings,DraftKings,player_pass_interceptions,Interceptions,2026-09-16T19:56:24Z,Bryce Young,bryce young,Over,0.5,-101,3.0,2026-09-27,Bryce Young,CAR,CLE,QB
aee7eae1849ebb103b9bf233e9741392,2026-09-20T17:00:00Z,Atlanta Falcons,Carolina Panthers,draftkings,DraftKings,player_pass_interceptions,Interceptions,2026-09-16T19:56:24Z,Bryce Young,bryce young,Under,0.5,-127,3.0,2026-09-27,Bryce Young,CAR,CLE,QB
0283a29e1b38ef78b29b904fd56a16dd,2026-09-20T17:00:00Z,Chicago Bears,Minnesota Vikings,draftkings,DraftKings,player_pass_interceptions,Interceptions,2026-09-16T19:57:48Z,Caleb Williams,caleb williams,Over,0.5,113,3.0,2026-09-28,Caleb Williams,CHI,PHI,QB
0283a29e1b38ef78b29b904fd56a16dd,2026-09-20T17:00:00Z,Chicago Bears,Minnesota Vikings,draftkings,DraftKings,player_pass_interceptions,Interceptions,2026-09-16T19:57:48Z,Caleb Williams,caleb williams,Under,0.5,-144,3.0,2026-09-28,Caleb Williams,CHI,PHI,QB
aee7eae1849ebb103b9bf233e9741392,2026-09-20T17:00:00Z,Atlanta Falcons,Carolina Panthers,draftkings,DraftKings,player_pass_tds,Pass TDs,2026-09-16T19:56:24Z,Bryce Young,bryce young,Over,1.5,112,3.0,2026-09-27,Bryce Young,CAR,CLE,QB
aee7eae1849ebb103b9bf233e9741392,2026-09-20T17:00:00Z,Atlanta Falcons,Carolina Panthers,draftkings,DraftKings,player_pass_tds,Pass TDs,2026-09-16T19:56:24Z,Bryce Young,bryce young,Under,1.5,-143,3.0,2026-09-27,Bryce Young,CAR,CLE,QB
36ad2fa722f4915ef23d2c81351261de,2026-09-20T17:00:00Z,Houston Texans,Cincinnati Bengals,draftkings,DraftKings,player_pass_tds,Pass TDs,2026-09-16T19:58:05Z,C.J. Stroud,cj stroud,Over,1.5,-121,3.0,2026-09-27,C.J. Stroud,HOU,IND,QB
36ad2fa722f4915ef23d2c81351261de,2026-09-20T17:00:00Z,Houston Texans,Cincinnati Bengals,draftkings,DraftKings,player_pass_tds,Pass TDs,2026-09-16T19:58:05Z,C.J. Stroud,cj stroud,Under,1.5,-105,3.0,2026-09-27,C.J. Stroud,HOU,IND,QB
0283a29e1b38ef78b29b904fd56a16dd,2026-09-20T17:00:00Z,Chicago Bears,Minnesota Vikings,draftkings,DraftKings,player_pass_tds,Pass TDs,2026-09-16T19:57:48Z,Caleb Williams,caleb williams,Over,1.5,-128,3.0,2026-09-28,Caleb Williams,CHI,PHI,QB
0283a29e1b38ef78b29b904fd56a16dd,2026-09-20T17:00:00Z,Chicago Bears,Minnesota Vikings,draftkings,DraftKings,player_pass_tds,Pass TDs,2026-09-16T19:57:48Z,Caleb Williams,caleb williams,Under,1.5,100,3.0,2026-09-28,Caleb Williams,CHI,PHI,QB
0283a29e1b38ef78b29b904fd56a16dd,2026-09-20T17:00:00Z,Chicago Bears,Minnesota Vikings,draftkings,DraftKings,player_pass_tds,Pass TDs,2026-09-16T19:57:48Z,Carson Wentz,carson wentz,Over,1.5,137,3.0,2026-09-27,Carson Wentz,MIN,TB,QB
0283a29e1b38ef78b29b904fd56a16dd,2026-09-20T17:00:00Z,Chicago Bears,Minnesota Vikings,draftkings,DraftKings,player_pass_tds,Pass TDs,2026-09-16T19:57:48Z,Carson Wentz,carson wentz,Under,1.5,-176,3.0,2026-09-27,Carson Wentz,MIN,TB,QB
4aeee070bb6ec60bdfae4dede61b9014,2026-09-20T17:00:00Z,New York Jets,Green Bay Packers,draftkings,DraftKings,player_pass_tds,Pass TDs,2026-09-16T19:56:40Z,Geno Smith,geno smith,Over,1.5,170,3.0,2026-09-27,Geno Smith,NYJ,DET,QB
4aeee070bb6ec60bdfae4dede61b9014,2026-09-20T17:00:00Z,New York Jets,Green Bay Packers,draftkings,DraftKings,player_pass_tds,Pass TDs,2026-09-16T19:56:40Z,Geno Smith,geno smith,Under,1.5,-219,3.0,2026-09-27,Geno Smith,NYJ,DET,QB
36ad2fa722f4915ef23d2c81351261de,2026-09-20T17:00:00Z,Houston Texans,Cincinnati Bengals,draftkings,DraftKings,player_pass_tds,Pass TDs,2026-09-16T19:58:05Z,Joe Burrow,joe burrow,Over,1.5,-125,3.0,2026-09-27,Joe Burrow,CIN,PIT,QB
36ad2fa722f4915ef23d2c81351261de,2026-09-20T17:00:00Z,Houston Texans,Cincinnati Bengals,draftkings,DraftKings,player_pass_tds,Pass TDs,2026-09-16T19:58:05Z,Joe Burrow,joe burrow,Under,1.5,-102,3.0,2026-09-27,Joe Burrow,CIN,PIT,QB
4aeee070bb6ec60bdfae4dede61b9014,2026-09-20T17:00:00Z,New York Jets,Green Bay Packers,draftkings,DraftKings,player_pass_tds,Pass TDs,2026-09-16T19:56:40Z,Jordan Love,jordan love,Over,1.5,-124,3.0,2026-09-24,Jordan Love,GB,ATL,QB
4aeee070bb6ec60bdfae4dede61b9014,2026-09-20T17:00:00Z,New York Jets,Green Bay Packers,draftkings,DraftKings,player_pass_tds,Pass TDs,2026-09-16T19:56:40Z,Jordan Love,jordan love,Under,1.5,-103,3.0,2026-09-24,Jordan Love,GB,ATL,QB
2143ade9684fd876b68a4e8cbf451f05,2026-09-20T17:00:00Z,Baltimore Ravens,New Orleans Saints,draftkings,DraftKings,player_pass_tds,Pass TDs,2026-09-16T19:58:06Z,Lamar Jackson,lamar jackson,Over,1.5,-123,3.0,2026-09-27,Lamar Jackson,BAL,DAL,QB
2143ade9684fd876b68a4e8cbf451f05,2026-09-20T17:00:00Z,Baltimore Ravens,New Orleans Saints,draftkings,DraftKings,player_pass_tds,Pass TDs,2026-09-16T19:58:06Z,Lamar Jackson,lamar jackson,Under,1.5,-104,3.0,2026-09-27,Lamar Jackson,BAL,DAL,QB
2143ade9684fd876b68a4e8cbf451f05,2026-09-20T17:00:00Z,Baltimore Ravens,New Orleans Saints,draftkings,DraftKings,player_pass_tds,Pass TDs,2026-09-16T19:58:06Z,Tyler Shough,tyler shough,Over,1.5,152,3.0,2026-09-27,Tyler Shough,NO,LV,QB
2143ade9684fd876b68a4e8cbf451f05,2026-09-20T17:00:00Z,Baltimore Ravens,New Orleans Saints,draftkings,DraftKings,player_pass_tds,Pass TDs,2026-09-16T19:58:06Z,Tyler Shough,tyler shough,Under,1.5,-195,3.0,2026-09-27,Tyler Shough,NO,LV,QB
aee7eae1849ebb103b9bf233e9741392,2026-09-20T17:00:00Z,Atlanta Falcons,Carolina Panthers,draftkings,DraftKings,player_pass_yds,Pass Yards,2026-09-16T19:56:24Z,Bryce Young,bryce young,Over,219.5,-111,3.0,2026-09-27,Bryce Young,CAR,CLE,QB
aee7eae1849ebb103b9bf233e9741392,2026-09-20T17:00:00Z,Atlanta Falcons,Carolina Panthers,draftkings,DraftKings,player_pass_yds,Pass Yards,2026-09-16T19:56:24Z,Bryce Young,bryce young,Under,219.5,-113,3.0,2026-09-27,Bryce Young,CAR,CLE,QB
36ad2fa722f4915ef23d2c81351261de,2026-09-20T17:00:00Z,Houston Texans,Cincinnati Bengals,draftkings,DraftKings,player_pass_yds,Pass Yards,2026-09-16T19:58:05Z,C.J. Stroud,cj stroud,Over,238.5,-111,3.0,2026-09-27,C.J. Stroud,HOU,IND,QB
36ad2fa722f4915ef23d2c81351261de,2026-09-20T17:00:00Z,Houston Texans,Cincinnati Bengals,draftkings,DraftKings,player_pass_yds,Pass Yards,2026-09-16T19:58:05Z,C.J. Stroud,cj stroud,Under,238.5,-113,3.0,2026-09-27,C.J. Stroud,HOU,IND,QB
0283a29e1b38ef78b29b904fd56a16dd,2026-09-20T17:00:00Z,Chicago Bears,Minnesota Vikings,draftkings,DraftKings,player_pass_yds,Pass Yards,2026-09-16T19:57:48Z,Caleb Williams,caleb williams,Over,224.5,-111,3.0,2026-09-28,Caleb Williams,CHI,PHI,QB
0283a29e1b38ef78b29b904fd56a16dd,2026-09-20T17:00:00Z,Chicago Bears,Minnesota Vikings,draftkings,DraftKings,player_pass_yds,Pass Yards,2026-09-16T19:57:48Z,Caleb Williams,caleb williams,Under,224.5,-113,3.0,2026-09-28,Caleb Williams,CHI,PHI,QB
0283a29e1b38ef78b29b904fd56a16dd,2026-09-20T17:00:00Z,Chicago Bears,Minnesota Vikings,draftkings,DraftKings,player_pass_yds,Pass Yards,2026-09-16T19:57:48Z,Carson Wentz,carson wentz,Over,212.5,-112,3.0,2026-09-27,Carson Wentz,MIN,TB,QB
0283a29e1b38ef78b29b904fd56a16dd,2026-09-20T17:00:00Z,Chicago Bears,Minnesota Vikings,draftkings,DraftKings,player_pass_yds,Pass Yards,2026-09-16T19:57:48Z,Carson Wentz,carson wentz,Under,212.5,-112,3.0,2026-09-27,Carson Wentz,MIN,TB,QB
4aeee070bb6ec60bdfae4dede61b9014,2026-09-20T17:00:00Z,New York Jets,Green Bay Packers,draftkings,DraftKings,player_pass_yds,Pass Yards,2026-09-16T19:56:40Z,Geno Smith,geno smith,Over,208.5,-113,3.0,2026-09-27,Geno Smith,NYJ,DET,QB
4aeee070bb6ec60bdfae4dede61b9014,2026-09-20T17:00:00Z,New York Jets,Green Bay Packers,draftkings,DraftKings,player_pass_yds,Pass Yards,2026-09-16T19:56:40Z,Geno Smith,geno smith,Under,208.5,-111,3.0,2026-09-27,Geno Smith,NYJ,DET,QB
36ad2fa722f4915ef23d2c81351261de,2026-09-20T17:00:00Z,Houston Texans,Cincinnati Bengals,draftkings,DraftKings,player_pass_yds,Pass Yards,2026-09-16T19:58:05Z,Joe Burrow,joe burrow,Over,249.5,-111,3.0,2026-09-27,Joe Burrow,CIN,PIT,QB
36ad2fa722f4915ef23d2c81351261de,2026-09-20T17:00:00Z,Houston Texans,Cincinnati Bengals,draftkings,DraftKings,player_pass_yds,Pass Yards,2026-09-16T19:58:05Z,Joe Burrow,joe burrow,Under,249.5,-113,3.0,2026-09-27,Joe Burrow,CIN,PIT,QB
4aeee070bb6ec60bdfae4dede61b9014,2026-09-20T17:00:00Z,New York Jets,Green Bay Packers,draftkings,DraftKings,player_pass_yds,Pass Yards,2026-09-16T19:56:40Z,Jordan Love,jordan love,Over,252.5,-112,3.0,2026-09-24,Jordan Love,GB,ATL,QB
4aeee070bb6ec60bdfae4dede61b9014,2026-09-20T17:00:00Z,New York Jets,Green Bay Packers,draftkings,DraftKings,player_pass_yds,Pass Yards,2026-09-16T19:56:40Z,Jordan Love,jordan love,Under,252.5,-112,3.0,2026-09-24,Jordan Love,GB,ATL,QB
2143ade9684fd876b68a4e8cbf451f05,2026-09-20T17:00:00Z,Baltimore Ravens,New Orleans Saints,draftkings,DraftKings,player_pass_yds,Pass Yards,2026-09-16T19:58:06Z,Lamar Jackson,lamar jackson,Over,225.5,-113,3.0,2026-09-27,Lamar Jackson,BAL,DAL,QB
2143ade9684fd876b68a4e8cbf451f05,2026-09-20T17:00:00Z,Baltimore Ravens,New Orleans Saints,draftkings,DraftKings,player_pass_yds,Pass Yards,2026-09-16T19:58:06Z,Lamar Jackson,lamar jackson,Under,225.5,-111,3.0,2026-09-27,Lamar Jackson,BAL,DAL,QB
2143ade9684fd876b68a4e8cbf451f05,2026-09-20T17:00:00Z,Baltimore Ravens,New Orleans Saints,draftkings,DraftKings,player_pass_yds,Pass Yards,2026-09-16T19:58:06Z,Tyler Shough,tyler shough,Over,241.5,-111,3.0,2026-09-27,Tyler Shough,NO,LV,QB
2143ade9684fd876b68a4e8cbf451f05,2026-09-20T17:00:00Z,Baltimore Ravens,New Orleans Saints,draftkings,DraftKings,player_pass_yds,Pass Yards,2026-09-16T19:58:06Z,Tyler Shough,tyler shough,Under,241.5,-113,3.0,2026-09-27,Tyler Shough,NO,LV,QB
2143ade9684fd876b68a4e8cbf451f05,2026-09-20T17:00:00Z,Baltimore Ravens,New Orleans Saints,draftkings,DraftKings,player_reception_yds,Receiving Yards,2026-09-16T19:58:06Z,Chris Olave,chris olave,Over,72.5,-113,3.0,2026-09-27,Chris Olave,NO,LV,WR
2143ade9684fd876b68a4e8cbf451f05,2026-09-20T17:00:00Z,Baltimore Ravens,New Orleans Saints,draftkings,DraftKings,player_reception_yds,Receiving Yards,2026-09-16T19:58:06Z,Chris Olave,chris olave,Under,72.5,-111,3.0,2026-09-27,Chris Olave,NO,LV,WR
4aeee070bb6ec60bdfae4dede61b9014,2026-09-20T17:00:00Z,New York Jets,Green Bay Packers,draftkings,DraftKings,player_reception_yds,Receiving Yards,2026-09-16T19:56:40Z,Christian Watson,christian watson,Over,59.5,-111,3.0,2026-09-24,Christian Watson,GB,ATL,WR
4aeee070bb6ec60bdfae4dede61b9014,2026-09-20T17:00:00Z,New York Jets,Green Bay Packers,draftkings,DraftKings,player_reception_yds,Receiving Yards,2026-09-16T19:56:40Z,Christian Watson,christian watson,Under,59.5,-113,3.0,2026-09-24,Christian Watson,GB,ATL,WR
0283a29e1b38ef78b29b904fd56a16dd,2026-09-20T17:00:00Z,Chicago Bears,Minnesota Vikings,draftkings,DraftKings,player_reception_yds,Receiving Yards,2026-09-16T19:57:48Z,Colston Loveland,colston loveland,Over,48.5,-113,3.0,2026-09-28,Colston Loveland,CHI,PHI,TE
0283a29e1b38ef78b29b904fd56a16dd,2026-09-20T17:00:00Z,Chicago Bears,Minnesota Vikings,draftkings,DraftKings,player_reception_yds,Receiving Yards,2026-09-16T19:57:48Z,Colston Loveland,colston loveland,Under,48.5,-111,3.0,2026-09-28,Colston Loveland,CHI,PHI,TE
36ad2fa722f4915ef23d2c81351261de,2026-09-20T17:00:00Z,Houston Texans,Cincinnati Bengals,draftkings,DraftKings,player_reception_yds,Receiving Yards,2026-09-16T19:58:05Z,Dalton Schultz,dalton schultz,Over,37.5,-109,3.0,2026-09-27,Dalton Schultz,HOU,IND,TE
36ad2fa722f4915ef23d2c81351261de,2026-09-20T17:00:00Z,Houston Texans,Cincinnati Bengals,draftkings,DraftKings,player_reception_yds,Receiving Yards,2026-09-16T19:58:05Z,Dalton Schultz,dalton schultz,Under,37.5,-115,3.0,2026-09-27,Dalton Schultz,HOU,IND,TE
2143ade9684fd876b68a4e8cbf451f05,2026-09-20T17:00:00Z,Baltimore Ravens,New Orleans Saints,draftkings,DraftKings,player_reception_yds,Receiving Yards,2026-09-16T19:58:06Z,Devaughn Vele,devaughn vele,Over,41.5,-114,3.0,2026-09-27,Devaughn Vele,NO,LV,WR
2143ade9684fd876b68a4e8cbf451f05,2026-09-20T17:00:00Z,Baltimore Ravens,New Orleans Saints,draftkings,DraftKings,player_reception_yds,Receiving Yards,2026-09-16T19:58:06Z,Devaughn Vele,devaughn vele,Under,41.5,-110,3.0,2026-09-27,Devaughn Vele,NO,LV,WR
4aeee070bb6ec60bdfae4dede61b9014,2026-09-20T17:00:00Z,New York Jets,Green Bay Packers,draftkings,DraftKings,player_reception_yds,Receiving Yards,2026-09-16T19:56:40Z,Garrett Wilson,garrett wilson,Over,62.5,-113,3.0,2026-09-27,Garrett Wilson,NYJ,DET,WR
4aeee070bb6ec60bdfae4dede61b9014,2026-09-20T17:00:00Z,New York Jets,Green Bay Packers,draftkings,DraftKings,player_reception_yds,Receiving Yards,2026-09-16T19:56:40Z,Garrett Wilson,garrett wilson,Under,62.5,-111,3.0,2026-09-27,Garrett Wilson,NYJ,DET,WR
36ad2fa722f4915ef23d2c81351261de,2026-09-20T17:00:00Z,Houston Texans,Cincinnati Bengals,draftkings,DraftKings,player_reception_yds,Receiving Yards,2026-09-16T19:58:05Z,Ja'Marr Chase,jamarr chase,Over,75.5,-111,3.0,2026-09-27,Ja'Marr Chase,CIN,PIT,WR
36ad2fa722f4915ef23d2c81351261de,2026-09-20T17:00:00Z,Houston Texans,Cincinnati Bengals,draftkings,DraftKings,player_reception_yds,Receiving Yards,2026-09-16T19:58:05Z,Ja'Marr Chase,jamarr chase,Under,75.5,-114,3.0,2026-09-27,Ja'Marr Chase,CIN,PIT,WR
aee7eae1849ebb103b9bf233e9741392,2026-09-20T17:00:00Z,Atlanta Falcons,Carolina Panthers,draftkings,DraftKings,player_reception_yds,Receiving Yards,2026-09-16T19:56:24Z,Jalen Coker,jalen coker,Over,47.5,-112,3.0,2026-09-27,Jalen Coker,CAR,CLE,WR
aee7eae1849ebb103b9bf233e9741392,2026-09-20T17:00:00Z,Atlanta Falcons,Carolina Panthers,draftkings,DraftKings,player_reception_yds,Receiving Yards,2026-09-16T19:56:24Z,Jalen Coker,jalen coker,Under,47.5,-112,3.0,2026-09-27,Jalen Coker,CAR,CLE,WR
0283a29e1b38ef78b29b904fd56a16dd,2026-09-20T17:00:00Z,Chicago Bears,Minnesota Vikings,draftkings,DraftKings,player_reception_yds,Receiving Yards,2026-09-16T19:57:48Z,Jordan Addison,jordan addison,Over,35.5,-112,3.0,2026-09-27,Jordan Addison,MIN,TB,WR
0283a29e1b38ef78b29b904fd56a16dd,2026-09-20T17:00:00Z,Chicago Bears,Minnesota Vikings,draftkings,DraftKings,player_reception_yds,Receiving Yards,2026-09-16T19:57:48Z,Jordan Addison,jordan addison,Under,35.5,-112,3.0,2026-09-27,Jordan Addison,MIN,TB,WR
0283a29e1b38ef78b29b904fd56a16dd,2026-09-20T17:00:00Z,Chicago Bears,Minnesota Vikings,draftkings,DraftKings,player_reception_yds,Receiving Yards,2026-09-16T19:57:48Z,Justin Jefferson,justin jefferson,Over,72.5,-114,3.0,2026-09-27,Justin Jefferson,MIN,TB,WR
0283a29e1b38ef78b29b904fd56a16dd,2026-09-20T17:00:00Z,Chicago Bears,Minnesota Vikings,draftkings,DraftKings,player_reception_yds,Receiving Yards,2026-09-16T19:57:48Z,Justin Jefferson,justin jefferson,Under,72.5,-110,3.0,2026-09-27,Justin Jefferson,MIN,TB,WR
0283a29e1b38ef78b29b904fd56a16dd,2026-09-20T17:00:00Z,Chicago Bears,Minnesota Vikings,draftkings,DraftKings,player_reception_yds,Receiving Yards,2026-09-16T19:57:48Z,Luther Burden III,luther burden iii,Over,49.5,-112,3.0,2026-09-28,Luther Burden III,CHI,PHI,WR
0283a29e1b38ef78b29b904fd56a16dd,2026-09-20T17:00:00Z,Chicago Bears,Minnesota Vikings,draftkings,DraftKings,player_reception_yds,Receiving Yards,2026-09-16T19:57:48Z,Luther Burden III,luther burden iii,Under,49.5,-112,3.0,2026-09-28,Luther Burden III,CHI,PHI,WR
36ad2fa722f4915ef23d2c81351261de,2026-09-20T17:00:00Z,Houston Texans,Cincinnati Bengals,draftkings,DraftKings,player_reception_yds,Receiving Yards,2026-09-16T19:58:05Z,Mike Gesicki,mike gesicki,Over,23.5,-115,3.0,2026-09-27,Mike Gesicki,CIN,PIT,TE
36ad2fa722f4915ef23d2c81351261de,2026-09-20T17:00:00Z,Houston Texans,Cincinnati Bengals,draftkings,DraftKings,player_reception_yds,Receiving Yards,2026-09-16T19:58:05Z,Mike Gesicki,mike gesicki,Under,23.5,-109,3.0,2026-09-27,Mike Gesicki,CIN,PIT,TE
36ad2fa722f4915ef23d2c81351261de,2026-09-20T17:00:00Z,Houston Texans,Cincinnati Bengals,draftkings,DraftKings,player_reception_yds,Receiving Yards,2026-09-16T19:58:05Z,Nico Collins,nico collins,Over,70.5,-113,3.0,2026-09-27,Nico Collins,HOU,IND,WR
36ad2fa722f4915ef23d2c81351261de,2026-09-20T17:00:00Z,Houston Texans,Cincinnati Bengals,draftkings,DraftKings,player_reception_yds,Receiving Yards,2026-09-16T19:58:05Z,Nico Collins,nico collins,Under,70.5,-111,3.0,2026-09-27,Nico Collins,HOU,IND,WR
36ad2fa722f4915ef23d2c81351261de,2026-09-20T17:00:00Z,Houston Texans,Cincinnati Bengals,draftkings,DraftKings,player_reception_yds,Receiving Yards,2026-09-16T19:58:05Z,Tee Higgins,tee higgins,Over,51.5,-111,3.0,2026-09-27,Tee Higgins,CIN,PIT,WR
36ad2fa722f4915ef23d2c81351261de,2026-09-20T17:00:00Z,Houston Texans,Cincinnati Bengals,draftkings,DraftKings,player_reception_yds,Receiving Yards,2026-09-16T19:58:05Z,Tee Higgins,tee higgins,Under,51.5,-113,3.0,2026-09-27,Tee Higgins,CIN,PIT,WR
aee7eae1849ebb103b9bf233e9741392,2026-09-20T17:00:00Z,Atlanta Falcons,Carolina Panthers,draftkings,DraftKings,player_reception_yds,Receiving Yards,2026-09-16T19:56:24Z,Tetairoa McMillan,tetairoa mcmillan,Over,58.5,-113,3.0,2026-09-27,Tetairoa McMillan,CAR,CLE,WR
aee7eae1849ebb103b9bf233e9741392,2026-09-20T17:00:00Z,Atlanta Falcons,Carolina Panthers,draftkings,DraftKings,player_reception_yds,Receiving Yards,2026-09-16T19:56:24Z,Tetairoa McMillan,tetairoa mcmillan,Under,58.5,-111,3.0,2026-09-27,Tetairoa McMillan,CAR,CLE,WR
4aeee070bb6ec60bdfae4dede61b9014,2026-09-20T17:00:00Z,New York Jets,Green Bay Packers,draftkings,DraftKings,player_reception_yds,Receiving Yards,2026-09-16T19:56:40Z,Tucker Kraft,tucker kraft,Over,45.5,-112,3.0,2026-09-24,Tucker Kraft,GB,ATL,TE
4aeee070bb6ec60bdfae4dede61b9014,2026-09-20T17:00:00Z,New York Jets,Green Bay Packers,draftkings,DraftKings,player_reception_yds,Receiving Yards,2026-09-16T19:56:40Z,Tucker Kraft,tucker kraft,Under,45.5,-112,3.0,2026-09-24,Tucker Kraft,GB,ATL,TE
36ad2fa722f4915ef23d2c81351261de,2026-09-20T17:00:00Z,Houston Texans,Cincinnati Bengals,draftkings,DraftKings,player_reception_yds,Receiving Yards,2026-09-16T19:58:05Z,Xavier Hutchinson,xavier hutchinson,Over,27.5,-114,3.0,2026-09-27,Xavier Hutchinson,HOU,IND,WR
36ad2fa722f4915ef23d2c81351261de,2026-09-20T17:00:00Z,Houston Texans,Cincinnati Bengals,draftkings,DraftKings,player_reception_yds,Receiving Yards,2026-09-16T19:58:05Z,Xavier Hutchinson,xavier hutchinson,Under,27.5,-110,3.0,2026-09-27,Xavier Hutchinson,HOU,IND,WR
2143ade9684fd876b68a4e8cbf451f05,2026-09-20T17:00:00Z,Baltimore Ravens,New Orleans Saints,draftkings,DraftKings,player_receptions,Receptions,2026-09-16T19:58:06Z,Chris Olave,chris olave,Over,6.5,115,3.0,2026-09-27,Chris Olave,NO,LV,WR
2143ade9684fd876b68a4e8cbf451f05,2026-09-20T17:00:00Z,Baltimore Ravens,New Orleans Saints,draftkings,DraftKings,player_receptions,Receptions,2026-09-16T19:58:06Z,Chris Olave,chris olave,Under,6.5,-147,3.0,2026-09-27,Chris Olave,NO,LV,WR
4aeee070bb6ec60bdfae4dede61b9014,2026-09-20T17:00:00Z,New York Jets,Green Bay Packers,draftkings,DraftKings,player_receptions,Receptions,2026-09-16T19:56:40Z,Christian Watson,christian watson,Over,3.5,-166,3.0,2026-09-24,Christian Watson,GB,ATL,WR
4aeee070bb6ec60bdfae4dede61b9014,2026-09-20T17:00:00Z,New York Jets,Green Bay Packers,draftkings,DraftKings,player_receptions,Receptions,2026-09-16T19:56:40Z,Christian Watson,christian watson,Under,3.5,130,3.0,2026-09-24,Christian Watson,GB,ATL,WR
0283a29e1b38ef78b29b904fd56a16dd,2026-09-20T17:00:00Z,Chicago Bears,Minnesota Vikings,draftkings,DraftKings,player_receptions,Receptions,2026-09-16T19:57:48Z,Colston Loveland,colston loveland,Over,4.5,107,3.0,2026-09-28,Colston Loveland,CHI,PHI,TE
0283a29e1b38ef78b29b904fd56a16dd,2026-09-20T17:00:00Z,Chicago Bears,Minnesota Vikings,draftkings,DraftKings,player_receptions,Receptions,2026-09-16T19:57:48Z,Colston Loveland,colston loveland,Under,4.5,-137,3.0,2026-09-28,Colston Loveland,CHI,PHI,TE
36ad2fa722f4915ef23d2c81351261de,2026-09-20T17:00:00Z,Houston Texans,Cincinnati Bengals,draftkings,DraftKings,player_receptions,Receptions,2026-09-16T19:58:05Z,Dalton Schultz,dalton schultz,Over,3.5,-127,3.0,2026-09-27,Dalton Schultz,HOU,IND,TE
36ad2fa722f4915ef23d2c81351261de,2026-09-20T17:00:00Z,Houston Texans,Cincinnati Bengals,draftkings,DraftKings,player_receptions,Receptions,2026-09-16T19:58:05Z,Dalton Schultz,dalton schultz,Under,3.5,100,3.0,2026-09-27,Dalton Schultz,HOU,IND,TE
2143ade9684fd876b68a4e8cbf451f05,2026-09-20T17:00:00Z,Baltimore Ravens,New Orleans Saints,draftkings,DraftKings,player_receptions,Receptions,2026-09-16T19:58:06Z,Devaughn Vele,devaughn vele,Over,3.5,-118,3.0,2026-09-27,Devaughn Vele,NO,LV,WR
2143ade9684fd876b68a4e8cbf451f05,2026-09-20T17:00:00Z,Baltimore Ravens,New Orleans Saints,draftkings,DraftKings,player_receptions,Receptions,2026-09-16T19:58:06Z,Devaughn Vele,devaughn vele,Under,3.5,-108,3.0,2026-09-27,Devaughn Vele,NO,LV,WR
4aeee070bb6ec60bdfae4dede61b9014,2026-09-20T17:00:00Z,New York Jets,Green Bay Packers,draftkings,DraftKings,player_receptions,Receptions,2026-09-16T19:56:40Z,Garrett Wilson,garrett wilson,Over,5.5,-139,3.0,2026-09-27,Garrett Wilson,NYJ,DET,WR
4aeee070bb6ec60bdfae4dede61b9014,2026-09-20T17:00:00Z,New York Jets,Green Bay Packers,draftkings,DraftKings,player_receptions,Receptions,2026-09-16T19:56:40Z,Garrett Wilson,garrett wilson,Under,5.5,109,3.0,2026-09-27,Garrett Wilson,NYJ,DET,WR
36ad2fa722f4915ef23d2c81351261de,2026-09-20T17:00:00Z,Houston Texans,Cincinnati Bengals,draftkings,DraftKings,player_receptions,Receptions,2026-09-16T19:58:05Z,Ja'Marr Chase,jamarr chase,Over,6.5,-111,3.0,2026-09-27,Ja'Marr Chase,CIN,PIT,WR
36ad2fa722f4915ef23d2c81351261de,2026-09-20T17:00:00Z,Houston Texans,Cincinnati Bengals,draftkings,DraftKings,player_receptions,Receptions,2026-09-16T19:58:05Z,Ja'Marr Chase,jamarr chase,Under,6.5,-115,3.0,2026-09-27,Ja'Marr Chase,CIN,PIT,WR
aee7eae1849ebb103b9bf233e9741392,2026-09-20T17:00:00Z,Atlanta Falcons,Carolina Panthers,draftkings,DraftKings,player_receptions,Receptions,2026-09-16T19:56:24Z,Jalen Coker,jalen coker,Over,4.5,-104,3.0,2026-09-27,Jalen Coker,CAR,CLE,WR
aee7eae1849ebb103b9bf233e9741392,2026-09-20T17:00:00Z,Atlanta Falcons,Carolina Panthers,draftkings,DraftKings,player_receptions,Receptions,2026-09-16T19:56:24Z,Jalen Coker,jalen coker,Under,4.5,-123,3.0,2026-09-27,Jalen Coker,CAR,CLE,WR
0283a29e1b38ef78b29b904fd56a16dd,2026-09-20T17:00:00Z,Chicago Bears,Minnesota Vikings,draftkings,DraftKings,player_receptions,Receptions,2026-09-16T19:57:48Z,Jordan Addison,jordan addison,Over,2.5,-164,3.0,2026-09-27,Jordan Addison,MIN,TB,WR
0283a29e1b38ef78b29b904fd56a16dd,2026-09-20T17:00:00Z,Chicago Bears,Minnesota Vikings,draftkings,DraftKings,player_receptions,Receptions,2026-09-16T19:57:48Z,Jordan Addison,jordan addison,Under,2.5,128,3.0,2026-09-27,Jordan Addison,MIN,TB,WR
0283a29e1b38ef78b29b904fd56a16dd,2026-09-20T17:00:00Z,Chicago Bears,Minnesota Vikings,draftkings,DraftKings,player_receptions,Receptions,2026-09-16T19:57:48Z,Justin Jefferson,justin jefferson,Over,5.5,-139,3.0,2026-09-27,Justin Jefferson,MIN,TB,WR
0283a29e1b38ef78b29b904fd56a16dd,2026-09-20T17:00:00Z,Chicago Bears,Minnesota Vikings,draftkings,DraftKings,player_receptions,Receptions,2026-09-16T19:57:48Z,Justin Jefferson,justin jefferson,Under,5.5,109,3.0,2026-09-27,Justin Jefferson,MIN,TB,WR
0283a29e1b38ef78b29b904fd56a16dd,2026-09-20T17:00:00Z,Chicago Bears,Minnesota Vikings,draftkings,DraftKings,player_receptions,Receptions,2026-09-16T19:57:48Z,Luther Burden III,luther burden iii,Over,4.5,110,3.0,2026-09-28,Luther Burden III,CHI,PHI,WR
0283a29e1b38ef78b29b904fd56a16dd,2026-09-20T17:00:00Z,Chicago Bears,Minnesota Vikings,draftkings,DraftKings,player_receptions,Receptions,2026-09-16T19:57:48Z,Luther Burden III,luther burden iii,Under,4.5,-140,3.0,2026-09-28,Luther Burden III,CHI,PHI,WR
36ad2fa722f4915ef23d2c81351261de,2026-09-20T17:00:00Z,Houston Texans,Cincinnati Bengals,draftkings,DraftKings,player_receptions,Receptions,2026-09-16T19:58:05Z,Mike Gesicki,mike gesicki,Over,2.5,104,3.0,2026-09-27,Mike Gesicki,CIN,PIT,TE
36ad2fa722f4915ef23d2c81351261de,2026-09-20T17:00:00Z,Houston Texans,Cincinnati Bengals,draftkings,DraftKings,player_receptions,Receptions,2026-09-16T19:58:05Z,Mike Gesicki,mike gesicki,Under,2.5,-133,3.0,2026-09-27,Mike Gesicki,CIN,PIT,TE
36ad2fa722f4915ef23d2c81351261de,2026-09-20T17:00:00Z,Houston Texans,Cincinnati Bengals,draftkings,DraftKings,player_receptions,Receptions,2026-09-16T19:58:05Z,Nico Collins,nico collins,Over,5.5,115,3.0,2026-09-27,Nico Collins,HOU,IND,WR
36ad2fa722f4915ef23d2c81351261de,2026-09-20T17:00:00Z,Houston Texans,Cincinnati Bengals,draftkings,DraftKings,player_receptions,Receptions,2026-09-16T19:58:05Z,Nico Collins,nico collins,Under,5.5,-146,3.0,2026-09-27,Nico Collins,HOU,IND,WR
36ad2fa722f4915ef23d2c81351261de,2026-09-20T17:00:00Z,Houston Texans,Cincinnati Bengals,draftkings,DraftKings,player_receptions,Receptions,2026-09-16T19:58:05Z,Tee Higgins,tee higgins,Over,3.5,-144,3.0,2026-09-27,Tee Higgins,CIN,PIT,WR
36ad2fa722f4915ef23d2c81351261de,2026-09-20T17:00:00Z,Houston Texans,Cincinnati Bengals,draftkings,DraftKings,player_receptions,Receptions,2026-09-16T19:58:05Z,Tee Higgins,tee higgins,Under,3.5,113,3.0,2026-09-27,Tee Higgins,CIN,PIT,WR
aee7eae1849ebb103b9bf233e9741392,2026-09-20T17:00:00Z,Atlanta Falcons,Carolina Panthers,draftkings,DraftKings,player_receptions,Receptions,2026-09-16T19:56:24Z,Tetairoa McMillan,tetairoa mcmillan,Over,4.5,-106,3.0,2026-09-27,Tetairoa McMillan,CAR,CLE,WR
aee7eae1849ebb103b9bf233e9741392,2026-09-20T17:00:00Z,Atlanta Falcons,Carolina Panthers,draftkings,DraftKings,player_receptions,Receptions,2026-09-16T19:56:24Z,Tetairoa McMillan,tetairoa mcmillan,Under,4.5,-120,3.0,2026-09-27,Tetairoa McMillan,CAR,CLE,WR
4aeee070bb6ec60bdfae4dede61b9014,2026-09-20T17:00:00Z,New York Jets,Green Bay Packers,draftkings,DraftKings,player_receptions,Receptions,2026-09-16T19:56:40Z,Tucker Kraft,tucker kraft,Over,3.5,-138,3.0,2026-09-24,Tucker Kraft,GB,ATL,TE
4aeee070bb6ec60bdfae4dede61b9014,2026-09-20T17:00:00Z,New York Jets,Green Bay Packers,draftkings,DraftKings,player_receptions,Receptions,2026-09-16T19:56:40Z,Tucker Kraft,tucker kraft,Under,3.5,108,3.0,2026-09-24,Tucker Kraft,GB,ATL,TE
36ad2fa722f4915ef23d2c81351261de,2026-09-20T17:00:00Z,Houston Texans,Cincinnati Bengals,draftkings,DraftKings,player_receptions,Receptions,2026-09-16T19:58:05Z,Xavier Hutchinson,xavier hutchinson,Over,2.5,-132,3.0,2026-09-27,Xavier Hutchinson,HOU,IND,WR
36ad2fa722f4915ef23d2c81351261de,2026-09-20T17:00:00Z,Houston Texans,Cincinnati Bengals,draftkings,DraftKings,player_receptions,Receptions,2026-09-16T19:58:05Z,Xavier Hutchinson,xavier hutchinson,Under,2.5,104,3.0,2026-09-27,Xavier Hutchinson,HOU,IND,WR
0283a29e1b38ef78b29b904fd56a16dd,2026-09-20T17:00:00Z,Chicago Bears,Minnesota Vikings,draftkings,DraftKings,player_rush_attempts,Rush Attempts,2026-09-16T19:57:48Z,D'Andre Swift,dandre swift,Over,14.5,-114,3.0,2026-09-28,D'Andre Swift,CHI,PHI,RB
0283a29e1b38ef78b29b904fd56a16dd,2026-09-20T17:00:00Z,Chicago Bears,Minnesota Vikings,draftkings,DraftKings,player_rush_attempts,Rush Attempts,2026-09-16T19:57:48Z,D'Andre Swift,dandre swift,Under,14.5,-112,3.0,2026-09-28,D'Andre Swift,CHI,PHI,RB
0283a29e1b38ef78b29b904fd56a16dd,2026-09-20T17:00:00Z,Chicago Bears,Minnesota Vikings,draftkings,DraftKings,player_rush_attempts,Rush Attempts,2026-09-16T19:57:48Z,Kyle Monangai,kyle monangai,Over,8.5,-117,3.0,2026-09-28,Kyle Monangai,CHI,PHI,RB
0283a29e1b38ef78b29b904fd56a16dd,2026-09-20T17:00:00Z,Chicago Bears,Minnesota Vikings,draftkings,DraftKings,player_rush_attempts,Rush Attempts,2026-09-16T19:57:48Z,Kyle Monangai,kyle monangai,Under,8.5,-109,3.0,2026-09-28,Kyle Monangai,CHI,PHI,RB
4aeee070bb6ec60bdfae4dede61b9014,2026-09-20T17:00:00Z,New York Jets,Green Bay Packers,draftkings,DraftKings,player_rush_yds,Rush Yards,2026-09-16T19:56:40Z,Breece Hall,breece hall,Over,69.5,-111,3.0,2026-09-27,Breece Hall,NYJ,DET,RB
4aeee070bb6ec60bdfae4dede61b9014,2026-09-20T17:00:00Z,New York Jets,Green Bay Packers,draftkings,DraftKings,player_rush_yds,Rush Yards,2026-09-16T19:56:40Z,Breece Hall,breece hall,Under,69.5,-113,3.0,2026-09-27,Breece Hall,NYJ,DET,RB
36ad2fa722f4915ef23d2c81351261de,2026-09-20T17:00:00Z,Houston Texans,Cincinnati Bengals,draftkings,DraftKings,player_rush_yds,Rush Yards,2026-09-16T19:58:05Z,Chase Brown,chase brown,Over,57.5,-115,3.0,2026-09-27,Chase Brown,CIN,PIT,RB
36ad2fa722f4915ef23d2c81351261de,2026-09-20T17:00:00Z,Houston Texans,Cincinnati Bengals,draftkings,DraftKings,player_rush_yds,Rush Yards,2026-09-16T19:58:05Z,Chase Brown,chase brown,Under,57.5,-109,3.0,2026-09-27,Chase Brown,CIN,PIT,RB
0283a29e1b38ef78b29b904fd56a16dd,2026-09-20T17:00:00Z,Chicago Bears,Minnesota Vikings,draftkings,DraftKings,player_rush_yds,Rush Yards,2026-09-16T19:57:48Z,D'Andre Swift,dandre swift,Over,59.5,-113,3.0,2026-09-28,D'Andre Swift,CHI,PHI,RB
0283a29e1b38ef78b29b904fd56a16dd,2026-09-20T17:00:00Z,Chicago Bears,Minnesota Vikings,draftkings,DraftKings,player_rush_yds,Rush Yards,2026-09-16T19:57:48Z,D'Andre Swift,dandre swift,Under,59.5,-111,3.0,2026-09-28,D'Andre Swift,CHI,PHI,RB
36ad2fa722f4915ef23d2c81351261de,2026-09-20T17:00:00Z,Houston Texans,Cincinnati Bengals,draftkings,DraftKings,player_rush_yds,Rush Yards,2026-09-16T19:58:05Z,David Montgomery,david montgomery,Over,67.5,-111,3.0,2026-09-27,David Montgomery,HOU,IND,RB
36ad2fa722f4915ef23d2c81351261de,2026-09-20T17:00:00Z,Houston Texans,Cincinnati Bengals,draftkings,DraftKings,player_rush_yds,Rush Yards,2026-09-16T19:58:05Z,David Montgomery,david montgomery,Under,67.5,-113,3.0,2026-09-27,David Montgomery,HOU,IND,RB
2143ade9684fd876b68a4e8cbf451f05,2026-09-20T17:00:00Z,Baltimore Ravens,New Orleans Saints,draftkings,DraftKings,player_rush_yds,Rush Yards,2026-09-16T19:58:06Z,Derrick Henry,derrick henry,Over,87.5,-114,3.0,2026-09-27,Derrick Henry,BAL,DAL,RB
2143ade9684fd876b68a4e8cbf451f05,2026-09-20T17:00:00Z,Baltimore Ravens,New Orleans Saints,draftkings,DraftKings,player_rush_yds,Rush Yards,2026-09-16T19:58:06Z,Derrick Henry,derrick henry,Under,87.5,-110,3.0,2026-09-27,Derrick Henry,BAL,DAL,RB
0283a29e1b38ef78b29b904fd56a16dd,2026-09-20T17:00:00Z,Chicago Bears,Minnesota Vikings,draftkings,DraftKings,player_rush_yds,Rush Yards,2026-09-16T19:57:48Z,Kyle Monangai,kyle monangai,Over,37.5,-109,3.0,2026-09-28,Kyle Monangai,CHI,PHI,RB
0283a29e1b38ef78b29b904fd56a16dd,2026-09-20T17:00:00Z,Chicago Bears,Minnesota Vikings,draftkings,DraftKings,player_rush_yds,Rush Yards,2026-09-16T19:57:48Z,Kyle Monangai,kyle monangai,Under,37.5,-115,3.0,2026-09-28,Kyle Monangai,CHI,PHI,RB
2143ade9684fd876b68a4e8cbf451f05,2026-09-20T17:00:00Z,Baltimore Ravens,New Orleans Saints,draftkings,DraftKings,player_rush_yds,Rush Yards,2026-09-16T19:58:06Z,Lamar Jackson,lamar jackson,Over,39.5,-113,3.0,2026-09-27,Lamar Jackson,BAL,DAL,QB
2143ade9684fd876b68a4e8cbf451f05,2026-09-20T17:00:00Z,Baltimore Ravens,New Orleans Saints,draftkings,DraftKings,player_rush_yds,Rush Yards,2026-09-16T19:58:06Z,Lamar Jackson,lamar jackson,Under,39.5,-111,3.0,2026-09-27,Lamar Jackson,BAL,DAL,QB
