season,team,prior_season,defense_current_weight,defense_prior_weight,defense_league_weight,current_games_played,prior_games_played,blended_pass_yards_allowed_pg,league_pass_yards_allowed_pg,blended_pass_tds_allowed_pg,league_pass_tds_allowed_pg,blended_interceptions_forced_pg,league_interceptions_forced_pg,blended_rush_yards_allowed_pg,league_rush_yards_allowed_pg,blended_rush_tds_allowed_pg,league_rush_tds_allowed_pg,blended_receptions_allowed_pg,league_receptions_allowed_pg,blended_targets_allowed_pg,league_targets_allowed_pg,blended_rec_yards_allowed_pg,league_rec_yards_allowed_pg,blended_rec_tds_allowed_pg,league_rec_tds_allowed_pg,blended_rush_rec_yards_allowed_pg,league_rush_rec_yards_allowed_pg,blended_fantasy_ppr_allowed_pg,league_fantasy_ppr_allowed_pg,blended_qb_pos_pass_yards_allowed_pg,league_qb_pos_pass_yards_allowed_pg,blended_qb_pos_pass_tds_allowed_pg,league_qb_pos_pass_tds_allowed_pg,blended_qb_pos_interceptions_forced_pg,league_qb_pos_interceptions_forced_pg,blended_qb_pos_rush_yards_allowed_pg,league_qb_pos_rush_yards_allowed_pg,blended_qb_pos_rush_tds_allowed_pg,league_qb_pos_rush_tds_allowed_pg,blended_qb_pos_receptions_allowed_pg,league_qb_pos_receptions_allowed_pg,blended_qb_pos_targets_allowed_pg,league_qb_pos_targets_allowed_pg,blended_qb_pos_rec_yards_allowed_pg,league_qb_pos_rec_yards_allowed_pg,blended_qb_pos_rec_tds_allowed_pg,league_qb_pos_rec_tds_allowed_pg,blended_qb_pos_rush_rec_yards_allowed_pg,league_qb_pos_rush_rec_yards_allowed_pg,blended_qb_pos_fantasy_ppr_allowed_pg,league_qb_pos_fantasy_ppr_allowed_pg,blended_rb_pos_pass_yards_allowed_pg,league_rb_pos_pass_yards_allowed_pg,blended_rb_pos_pass_tds_allowed_pg,league_rb_pos_pass_tds_allowed_pg,blended_rb_pos_interceptions_forced_pg,league_rb_pos_interceptions_forced_pg,blended_rb_pos_rush_yards_allowed_pg,league_rb_pos_rush_yards_allowed_pg,blended_rb_pos_rush_tds_allowed_pg,league_rb_pos_rush_tds_allowed_pg,blended_rb_pos_receptions_allowed_pg,league_rb_pos_receptions_allowed_pg,blended_rb_pos_targets_allowed_pg,league_rb_pos_targets_allowed_pg,blended_rb_pos_rec_yards_allowed_pg,league_rb_pos_rec_yards_allowed_pg,blended_rb_pos_rec_tds_allowed_pg,league_rb_pos_rec_tds_allowed_pg,blended_rb_pos_rush_rec_yards_allowed_pg,league_rb_pos_rush_rec_yards_allowed_pg,blended_rb_pos_fantasy_ppr_allowed_pg,league_rb_pos_fantasy_ppr_allowed_pg,blended_wr_pos_pass_yards_allowed_pg,league_wr_pos_pass_yards_allowed_pg,blended_wr_pos_pass_tds_allowed_pg,league_wr_pos_pass_tds_allowed_pg,blended_wr_pos_interceptions_forced_pg,league_wr_pos_interceptions_forced_pg,blended_wr_pos_rush_yards_allowed_pg,league_wr_pos_rush_yards_allowed_pg,blended_wr_pos_rush_tds_allowed_pg,league_wr_pos_rush_tds_allowed_pg,blended_wr_pos_receptions_allowed_pg,league_wr_pos_receptions_allowed_pg,blended_wr_pos_targets_allowed_pg,league_wr_pos_targets_allowed_pg,blended_wr_pos_rec_yards_allowed_pg,league_wr_pos_rec_yards_allowed_pg,blended_wr_pos_rec_tds_allowed_pg,league_wr_pos_rec_tds_allowed_pg,blended_wr_pos_rush_rec_yards_allowed_pg,league_wr_pos_rush_rec_yards_allowed_pg,blended_wr_pos_fantasy_ppr_allowed_pg,league_wr_pos_fantasy_ppr_allowed_pg,blended_te_pos_pass_yards_allowed_pg,league_te_pos_pass_yards_allowed_pg,blended_te_pos_pass_tds_allowed_pg,league_te_pos_pass_tds_allowed_pg,blended_te_pos_interceptions_forced_pg,league_te_pos_interceptions_forced_pg,blended_te_pos_rush_yards_allowed_pg,league_te_pos_rush_yards_allowed_pg,blended_te_pos_rush_tds_allowed_pg,league_te_pos_rush_tds_allowed_pg,blended_te_pos_receptions_allowed_pg,league_te_pos_receptions_allowed_pg,blended_te_pos_targets_allowed_pg,league_te_pos_targets_allowed_pg,blended_te_pos_rec_yards_allowed_pg,league_te_pos_rec_yards_allowed_pg,blended_te_pos_rec_tds_allowed_pg,league_te_pos_rec_tds_allowed_pg,blended_te_pos_rush_rec_yards_allowed_pg,league_te_pos_rush_rec_yards_allowed_pg,blended_te_pos_fantasy_ppr_allowed_pg,league_te_pos_fantasy_ppr_allowed_pg,pass_yards_def_factor,pass_tds_def_factor,interceptions_def_factor,rb_rush_yards_def_factor,rb_receiving_yards_def_factor,rb_receptions_def_factor,rb_rush_rec_yards_def_factor,wr_receiving_yards_def_factor,wr_receptions_def_factor,te_receiving_yards_def_factor,te_receptions_def_factor,overall_def_factor,overall_matchup_label
2026,WAS,2025,0.2,0.7,0.1,3,17,261.441003125,231.25003125,2.2566843750000007,1.64584375,0.0,0.0,126.73831562500001,111.85415625,0.8235906250000001,0.82290625,21.2536375,20.833375,30.642421875000004,30.67721875,260.91101875000004,230.4791875,2.255643750000001,1.6354375,387.6493343750001,342.33334375000004,96.97264687500002,83.71246875,260.47635312500006,230.93753125,2.2566843750000007,1.64584375,0.0,0.0,20.739740625000007,17.708406250000003,0.06317187500000002,0.21871875000000002,0.0010406250000000003,0.01040625,0.0010406250000000003,0.01040625,0.0010406250000000003,0.01040625,0.0,0.0,20.740784375000004,17.718843749999998,20.889393750000004,17.2489375,0.0,0.0,0.0,0.0,0.0,0.0,101.18907187500002,91.59371875,0.7159875000000001,0.572875,3.5793968750000005,4.32296875,4.943759375000001,5.41659375,32.453203125,29.75003125,0.18220312500000002,0.17703125000000003,133.64227187500003,121.34371875,22.337065625,20.665656249999998,0.9646500000000001,0.3125,0.0,0.0,0.0,0.0,4.750156250000001,2.3645625,0.0010406250000000003,0.01040625,12.677318750000001,11.2811875,18.951253125000004,18.06253125,166.92857187500002,148.34371875,1.1927093750000004,0.92709375,171.67872187500004,150.70821875,36.974175,32.09375,0.0,0.0,0.0,0.0,0.0,0.0,0.060050000000000006,0.1875,0.04338125,0.0208125,4.996578125,5.21878125,6.746356250000002,7.1875625,61.52730312500001,52.37503125,0.880728125,0.5312812499999999,61.587356250000006,52.5625625,16.772021875000004,13.704218749999999,1.12,1.12,1.0,1.105,1.091,0.88,1.101,1.12,1.12,1.12,0.957,1.116,Favorable
2026,IND,2025,0.2,0.7,0.1,3,17,265.054703125,231.25003125,1.486384375,1.64584375,0.0,0.0,110.40491562500003,111.85415625,1.0743906250000002,0.82290625,22.7225375,20.833375,33.742421875000005,30.67721875,264.93631875000005,230.4791875,1.4853437500000002,1.6354375,375.34123437500006,342.33334375000004,90.598546875,83.71246875,265.023453125,230.93753125,1.486384375,1.64584375,0.0,0.0,14.801940625,17.708406250000003,0.21167187500000004,0.21871875000000002,0.0010406250000000003,0.01040625,0.0010406250000000003,0.01040625,0.0010406250000000003,0.01040625,0.0,0.0,14.802984375,17.718843749999998,17.928793750000004,17.2489375,0.0,0.0,0.0,0.0,0.0,0.0,92.69487187500002,91.59371875,0.8180875000000001,0.572875,4.016296875000001,4.32296875,5.545359375000001,5.41659375,28.755503125000008,29.75003125,0.14090312500000002,0.17703125000000003,121.450371875,121.34371875,21.641065625000003,20.665656249999998,0.03125000000000001,0.3125,0.0,0.0,0.0,0.0,2.72485625,2.3645625,0.04234062500000001,0.01040625,12.649918750000003,11.2811875,19.829453125000004,18.06253125,168.50677187500003,148.34371875,0.910109375,0.92709375,171.23162187500003,150.70821875,35.49967500000001,32.09375,0.0,0.0,0.0,0.0,0.0,0.0,0.18325,0.1875,0.0020812500000000006,0.0208125,6.055278125,5.21878125,8.36585625,7.1875625,67.67300312500001,52.37503125,0.433628125,0.5312812499999999,67.85625625000002,52.5625625,15.528321875,13.704218749999999,1.12,0.903,1.0,1.012,0.967,0.929,1.001,1.12,1.12,1.12,1.12,1.093,Favorable
2026,PIT,2025,0.2,0.7,0.1,3,17,248.025003125,231.25003125,1.666684375,1.64584375,0.0,0.0,112.80281562500002,111.85415625,0.560490625,0.82290625,21.947837500000002,20.833375,32.206921875000006,30.67721875,247.78341875000004,230.4791875,1.66564375,1.6354375,360.58623437500006,342.33334375000004,85.60854687500002,83.71246875,247.993753125,230.93753125,1.666684375,1.64584375,0.0,0.0,14.476640625000002,17.708406250000003,0.22767187500000002,0.21871875000000002,0.0010406250000000003,0.01040625,0.0010406250000000003,0.01040625,0.0010406250000000003,0.01040625,0.0,0.0,14.477684375,17.718843749999998,17.301393750000003,17.2489375,0.0,0.0,0.0,0.0,0.0,0.0,96.84777187500002,91.59371875,0.3296875,0.572875,4.428596875000001,4.32296875,5.843759375000001,5.41659375,32.131603125000005,29.75003125,0.16690312500000004,0.17703125000000003,128.979371875,121.34371875,19.978665625,20.665656249999998,0.03125000000000001,0.3125,0.0,0.0,0.0,0.0,1.3777562500000002,2.3645625,0.0010406250000000003,0.01040625,11.965018750000002,11.2811875,18.780953125000003,18.06253125,156.253871875,148.34371875,0.926109375,0.92709375,157.63162187500004,150.70821875,33.467275,32.09375,0.0,0.0,0.0,0.0,0.0,0.0,0.10135000000000001,0.1875,0.0020812500000000006,0.0208125,5.552978125,5.21878125,7.58185625,7.1875625,59.39620312500001,52.37503125,0.572628125,0.5312812499999999,59.49755625,52.5625625,14.861221875000002,13.704218749999999,1.074,1.013,1.0,1.057,1.08,1.024,1.063,1.053,1.061,1.12,1.064,1.076,Favorable
2026,DET,2025,0.2,0.7,0.1,3,17,254.20900312500004,231.25003125,2.0413843750000003,1.64584375,0.0,0.0,114.82231562500002,111.85415625,1.0075906250000002,0.82290625,21.8993375,20.833375,32.871421875,30.67721875,254.13191875000004,230.4791875,2.0403437500000003,1.6354375,368.95513437500006,342.33334375000004,93.80014687500001,83.71246875,252.81905312500004,230.93753125,2.0000843750000006,1.64584375,0.0,0.0,18.327440625000005,17.708406250000003,0.27847187500000004,0.21871875000000002,0.04234062500000001,0.01040625,0.04234062500000001,0.01040625,1.3597406250000001,0.01040625,0.0413,0.0,19.687884375,17.718843749999998,20.48779375,17.2489375,0.0,0.0,0.0,0.0,0.0,0.0,88.94197187500001,91.59371875,0.6848875000000001,0.572875,3.9025968750000004,4.32296875,5.1279593750000005,5.41659375,24.186603125000005,29.75003125,0.05900312500000001,0.17703125000000003,113.12857187500002,121.34371875,19.566265625,20.665656249999998,1.3899500000000002,0.3125,0.0413,0.0,0.0,0.0,6.21695625,2.3645625,0.04234062500000001,0.01040625,11.875218750000002,11.2811875,18.988853125000002,18.06253125,161.571271875,148.34371875,1.1572093750000003,0.92709375,167.78822187500003,150.70821875,36.13347500000001,32.09375,0.0,0.0,0.0,0.0,0.0,0.0,1.3361500000000002,0.1875,0.0020812500000000006,0.0208125,6.078478125,5.21878125,8.712956250000001,7.1875625,67.01430312500001,52.37503125,0.7828281250000001,0.5312812499999999,68.35045625000002,52.5625625,17.613521875,13.704218749999999,1.095,1.12,1.0,0.971,0.88,0.903,0.932,1.089,1.053,1.12,1.12,1.069,Neutral
2026,ARI,2025,0.2,0.7,0.1,3,17,242.50180312500004,231.25003125,1.9747843750000003,1.64584375,0.0,0.0,125.57751562500002,111.85415625,1.0648906250000003,0.82290625,20.718837500000003,20.833375,30.230821875000004,30.67721875,240.36531875000003,230.4791875,1.8911437500000001,1.6354375,365.94353437500007,342.33334375000004,90.56844687500002,83.71246875,242.47055312500004,230.93753125,1.9747843750000003,1.64584375,0.0,0.0,13.012140625,17.708406250000003,0.104471875,0.21871875000000002,0.0010406250000000003,0.01040625,0.0010406250000000003,0.01040625,0.0010406250000000003,0.01040625,0.0,0.0,13.013184375,17.718843749999998,17.988693750000003,17.2489375,0.0,0.0,0.0,0.0,0.0,0.0,108.53177187500002,91.59371875,0.8906875000000001,0.572875,3.8380968749999997,4.32296875,5.037959375000001,5.41659375,30.339503125000004,29.75003125,0.18220312500000002,0.17703125000000003,138.87127187500002,121.34371875,23.703365625000004,20.665656249999998,0.03125000000000001,0.3125,0.0,0.0,0.0,0.0,3.8248562500000003,2.3645625,0.0010406250000000003,0.01040625,10.884718750000003,11.2811875,17.384453125000004,18.06253125,144.309071875,148.34371875,1.0695093750000002,0.92709375,148.13392187500006,150.70821875,32.131475,32.09375,0.0,0.0,0.0,0.0,0.0,0.0,0.20855000000000004,0.1875,0.06868125000000003,0.0208125,5.994278125,5.21878125,7.807156250000001,7.1875625,65.715703125,52.37503125,0.6394281250000001,0.5312812499999999,65.92515625000001,52.5625625,16.744921875,13.704218749999999,1.05,1.12,1.0,1.12,1.02,0.888,1.12,0.973,0.965,1.12,1.12,1.066,Neutral
2026,DAL,2025,0.2,0.7,0.1,3,17,250.81710312500002,231.25003125,2.0724843750000006,1.64584375,0.0,0.0,134.90721562500002,111.85415625,1.2293906250000002,0.82290625,21.797037500000002,20.833375,29.889521875000003,30.67721875,250.69871875000004,230.4791875,2.0301437500000006,1.6354375,385.60573437500005,342.33334375000004,97.36534687500001,83.71246875,250.78585312500002,230.93753125,2.0724843750000006,1.64584375,0.0,0.0,29.892640625000006,17.708406250000003,0.351571875,0.21871875000000002,0.0010406250000000003,0.01040625,0.0010406250000000003,0.01040625,0.0010406250000000003,0.01040625,0.0,0.0,29.893684375000003,17.718843749999998,22.758693750000003,17.2489375,0.0,0.0,0.0,0.0,0.0,0.0,98.64917187500002,91.59371875,0.8746875000000001,0.572875,4.690996875000001,4.32296875,5.4850593750000005,5.41659375,37.664803125000006,29.75003125,0.20750312500000004,0.17703125000000003,136.31487187500002,121.34371875,24.492365625,20.665656249999998,0.03125000000000001,0.3125,0.0,0.0,0.0,0.0,6.3466562500000006,2.3645625,0.0010406250000000003,0.01040625,11.744118750000002,11.2811875,17.641753125000005,18.06253125,160.400971875,148.34371875,1.363009375,0.92709375,166.74762187500005,150.70821875,36.647775,32.09375,0.0,0.0,0.0,0.0,0.0,0.0,0.018750000000000006,0.1875,0.0020812500000000006,0.0208125,5.361078125000001,5.21878125,6.762156250000001,7.1875625,52.63170312500001,52.37503125,0.4589281250000001,0.5312812499999999,52.65045625000001,52.5625625,13.466721875000001,13.704218749999999,1.086,1.12,1.0,1.077,1.12,1.085,1.12,1.081,1.041,1.005,1.027,1.062,Neutral
2026,CIN,2025,0.2,0.7,0.1,3,17,252.43660312500003,231.25003125,1.7232843750000002,1.64584375,0.0,0.0,132.971715625,111.85415625,0.9569906250000001,0.82290625,21.0065375,20.833375,30.938021875,30.67721875,250.71241875000004,230.4791875,1.7222437500000003,1.6354375,383.68413437500004,342.33334375000004,90.263546875,83.71246875,252.03505312500002,230.93753125,1.600084375,1.64584375,0.0,0.0,19.670840625000004,17.708406250000003,0.17107187500000004,0.21871875000000002,0.08364062500000001,0.01040625,0.08364062500000001,0.01040625,0.9068406250000001,0.01040625,0.0413,0.0,20.577684375000004,17.718843749999998,18.041493750000004,17.2489375,0.28840000000000005,0.0,0.0826,0.0,0.0,0.0,106.29047187500002,91.59371875,0.6593875000000001,0.572875,4.885196875000001,4.32296875,5.992459375000001,5.41659375,41.65180312500001,29.75003125,0.30610312500000003,0.17703125000000003,147.94227187500002,121.34371875,25.649265624999998,20.665656249999998,0.11385,0.3125,0.0413,0.0,0.0,0.0,6.80095625,2.3645625,0.12424062500000001,0.01040625,9.206318750000001,11.2811875,15.390253125000001,18.06253125,123.52417187500001,148.34371875,0.6630093750000001,0.92709375,130.32582187500003,150.70821875,27.063675000000003,32.09375,0.0,0.0,0.0,0.0,0.0,0.0,0.20855000000000004,0.1875,0.0020812500000000006,0.0208125,6.832078125000001,5.21878125,9.471656250000002,7.1875625,84.62960312500002,52.37503125,0.711828125,0.5312812499999999,84.83885625,52.5625625,19.509321875,13.704218749999999,1.091,0.972,1.0,1.12,1.12,1.12,1.12,0.88,0.88,1.12,1.12,1.053,Neutral
2026,MIA,2025,0.2,0.7,0.1,3,17,230.73660312500004,231.25003125,1.8253843750000003,1.64584375,0.0,0.0,124.508615625,111.85415625,1.048890625,0.82290625,21.252237500000003,20.833375,28.265621875,30.67721875,228.15951875000002,230.4791875,1.7577437500000002,1.6354375,352.6688343750001,342.33334375000004,88.55474687500002,83.71246875,230.70535312500004,230.93753125,1.8253843750000003,1.64584375,0.0,0.0,18.086840625000004,17.708406250000003,0.252971875,0.21871875000000002,0.0010406250000000003,0.01040625,0.0010406250000000003,0.01040625,0.0010406250000000003,0.01040625,0.0,0.0,18.087884375,17.718843749999998,18.30419375,17.2489375,0.0,0.0,0.0,0.0,0.0,0.0,103.71597187500002,91.59371875,0.7514875000000001,0.572875,4.675696875000001,4.32296875,5.196659375,5.41659375,34.178703125000006,29.75003125,0.38220312500000003,0.17703125000000003,137.89517187500002,121.34371875,25.321265625000002,20.665656249999998,0.03125000000000001,0.3125,0.0,0.0,0.0,0.0,1.74015625,2.3645625,0.0010406250000000003,0.01040625,10.565018750000002,11.2811875,15.409953125,18.06253125,128.048071875,148.34371875,0.859309375,0.92709375,129.78822187500003,150.70821875,28.965675,32.09375,0.0,0.0,0.0,0.0,0.0,0.0,0.9658500000000001,0.1875,0.04338125,0.0208125,6.010278125,5.21878125,7.657956250000001,7.1875625,65.93170312500001,52.37503125,0.516228125,0.5312812499999999,66.89755625000001,52.5625625,15.963621875000001,13.704218749999999,0.999,1.109,1.0,1.12,1.12,1.082,1.12,0.88,0.937,1.12,1.12,1.03,Neutral
2026,CHI,2025,0.2,0.7,0.1,3,17,234.38950312500003,231.25003125,1.681984375,1.64584375,0.0,0.0,128.75571562500002,111.85415625,0.899690625,0.82290625,19.952237500000003,20.833375,29.020621875,30.67721875,233.73631875000004,230.4791875,1.6403437500000002,1.6354375,362.49203437500006,342.33334375000004,84.70814687500001,83.71246875,234.35825312500003,230.93753125,1.681984375,1.64584375,0.0,0.0,22.410040625000004,17.708406250000003,0.36107187500000004,0.21871875000000002,0.0010406250000000003,0.01040625,0.0010406250000000003,0.01040625,0.0010406250000000003,0.01040625,0.0,0.0,22.411084375,17.718843749999998,17.804093750000003,17.2489375,0.0,0.0,0.0,0.0,0.0,0.0,101.19047187500003,91.59371875,0.49418750000000006,0.572875,3.7909968750000003,4.32296875,4.882959375,5.41659375,29.351803125000007,29.75003125,0.248803125,0.17703125000000003,130.542271875,121.34371875,20.815465625,20.665656249999998,0.03125000000000001,0.3125,0.0,0.0,0.0,0.0,4.930656250000001,2.3645625,0.04234062500000001,0.01040625,10.802818750000002,11.2811875,17.096053125,18.06253125,154.542271875,148.34371875,1.0906093750000003,0.92709375,159.47292187500003,150.70821875,33.92017500000001,32.09375,0.0,0.0,0.0,0.0,0.0,0.0,0.22455,0.1875,0.0020812500000000006,0.0208125,5.357378125,5.21878125,7.040556250000001,7.1875625,49.841203125000014,52.37503125,0.300228125,0.5312812499999999,50.06645625,52.5625625,12.169321875,13.704218749999999,1.015,1.022,1.0,1.105,0.987,0.88,1.076,1.042,0.958,0.952,1.027,1.028,Neutral
2026,SF,2025,0.2,0.7,0.1,3,17,235.360503125,231.25003125,1.558784375,1.64584375,0.0,0.0,107.79561562500001,111.85415625,0.7511906250000001,0.82290625,22.906537500000002,20.833375,32.669821875000004,30.67721875,233.51241875000002,230.4791875,1.5164437500000003,1.6354375,341.3080343750001,342.33334375000004,85.00754687500002,83.71246875,235.329253125,230.93753125,1.558784375,1.64584375,0.0,0.0,12.194040625000003,17.708406250000003,0.12977187500000004,0.21871875000000002,0.0010406250000000003,0.01040625,0.0010406250000000003,0.01040625,0.0010406250000000003,0.01040625,0.0,0.0,12.195084375000002,17.718843749999998,16.605693750000004,17.2489375,0.0,0.0,0.0,0.0,0.0,0.0,93.96727187500002,91.59371875,0.6180875000000001,0.572875,5.435996875000002,4.32296875,6.661159375000001,5.41659375,34.302603125000005,29.75003125,0.20750312500000004,0.17703125000000003,128.269871875,121.34371875,23.107365625000003,20.665656249999998,0.03125000000000001,0.3125,0.0,0.0,0.0,0.0,1.5327562500000003,2.3645625,0.0010406250000000003,0.01040625,11.538318750000002,11.2811875,17.609953125000004,18.06253125,143.979371875,148.34371875,0.843509375,0.92709375,145.51212187500002,150.70821875,31.334075000000002,32.09375,0.0,0.0,0.0,0.0,0.0,0.0,0.10135000000000001,0.1875,0.0020812500000000006,0.0208125,5.932078125,5.21878125,8.39695625,7.1875625,55.229603125000004,52.37503125,0.464728125,0.5312812499999999,55.33095625000001,52.5625625,13.960621875000001,13.704218749999999,1.019,0.947,1.0,1.026,1.12,1.12,1.057,0.971,1.023,1.055,1.12,1.018,Neutral
2026,TEN,2025,0.2,0.7,0.1,3,17,236.73080312500005,231.25003125,1.533484375,1.64584375,0.0,0.0,116.663615625,111.85415625,1.1467906250000002,0.82290625,20.4696375,20.833375,28.320621875,30.67721875,236.11821875000004,230.4791875,1.4911437500000002,1.6354375,352.78253437500007,342.33334375000004,85.81124687500001,83.71246875,236.69955312500005,230.93753125,1.533484375,1.64584375,0.0,0.0,17.825840625000005,17.708406250000003,0.14507187500000002,0.21871875000000002,0.0010406250000000003,0.01040625,0.0010406250000000003,0.01040625,0.0010406250000000003,0.01040625,0.0,0.0,17.826884375000002,17.718843749999998,17.16459375,17.2489375,0.0,0.0,0.0,0.0,0.0,0.0,94.63987187500001,91.59371875,0.8906875000000001,0.572875,3.3220968750000006,4.32296875,4.3314593750000006,5.41659375,26.514203125000005,29.75003125,0.100303125,0.17703125000000003,121.15387187500002,121.34371875,21.188365625000003,20.665656249999998,0.03125000000000001,0.3125,0.0,0.0,0.0,0.0,3.9798562499999997,2.3645625,0.04234062500000001,0.01040625,12.10281875,11.2811875,17.194653125000002,18.06253125,162.171271875,148.34371875,0.9674093750000001,0.92709375,166.15132187500004,150.70821875,34.70337500000001,32.09375,0.0,0.0,0.0,0.0,0.0,0.0,0.21875000000000003,0.1875,0.06868125000000003,0.0208125,5.0436781250000005,5.21878125,6.793456250000001,7.1875625,47.431703125000006,52.37503125,0.4234281250000001,0.5312812499999999,47.650456250000005,52.5625625,12.755121875000002,13.704218749999999,1.025,0.932,1.0,1.033,0.891,0.88,0.998,1.093,1.073,0.906,0.966,1.014,Neutral
2026,NYG,2025,0.2,0.7,0.1,3,17,229.57580312500002,231.25003125,1.6608843750000004,1.64584375,0.0,0.0,133.634615625,111.85415625,1.0133906250000002,0.82290625,21.2086375,20.833375,30.936621875000004,30.67721875,228.96391875000003,230.4791875,1.6598437500000005,1.6354375,362.5978343750001,342.33334375000004,88.19494687500001,83.71246875,228.762653125,230.93753125,1.6608843750000004,1.64584375,0.0,0.0,19.941140625000003,17.708406250000003,0.22767187500000002,0.21871875000000002,0.04234062500000001,0.01040625,0.04234062500000001,0.01040625,0.0010406250000000003,0.01040625,0.0,0.0,19.942184375,17.718843749999998,17.888593750000005,17.2489375,0.0,0.0,0.0,0.0,0.0,0.0,110.59627187500001,91.59371875,0.7412875000000001,0.572875,4.361996875,4.32296875,5.171359375000001,5.41659375,29.092403125000004,29.75003125,0.31560312500000004,0.17703125000000003,139.68937187500003,121.34371875,24.429965625,20.665656249999998,0.03125000000000001,0.3125,0.0,0.0,0.0,0.0,3.2422562499999996,2.3645625,0.04234062500000001,0.01040625,11.706318750000001,11.2811875,18.776553125000007,18.06253125,152.203271875,148.34371875,1.0180093750000003,0.92709375,155.44552187500003,150.70821875,34.036775000000006,32.09375,0.7826000000000002,0.0,0.0,0.0,0.0,0.0,-0.14575000000000002,0.1875,0.0020812500000000006,0.0208125,5.098678125000001,5.21878125,6.946356250000002,7.1875625,47.66720312500001,52.37503125,0.325528125,0.5312812499999999,47.520756250000005,52.5625625,11.839621875,13.704218749999999,0.991,1.009,1.0,1.12,0.978,1.009,1.12,1.026,1.038,0.91,0.977,1.012,Neutral
2026,BAL,2025,0.2,0.7,0.1,3,17,250.69160312500003,231.25003125,1.3116843750000002,1.64584375,0.0,0.0,106.67381562500002,111.85415625,1.115690625,0.82290625,23.163837500000003,20.833375,34.13662187500001,30.67721875,250.07901875000005,230.4791875,1.3106437500000003,1.6354375,356.7528343750001,342.33334375000004,87.07674687500001,83.71246875,250.66035312500003,230.93753125,1.3116843750000002,1.64584375,0.0,0.0,17.520040625000004,17.708406250000003,0.294271875,0.21871875000000002,0.04234062500000001,0.01040625,0.04234062500000001,0.01040625,-0.36925937500000006,0.01040625,0.0,0.0,17.150084375000002,17.718843749999998,17.477193750000005,17.2489375,0.0,0.0,0.0,0.0,0.0,0.0,83.97537187500001,91.59371875,0.7514875000000001,0.572875,5.195396875000001,4.32296875,6.410559375,5.41659375,35.227903125000005,29.75003125,0.14090312500000002,0.17703125000000003,119.20327187500001,121.34371875,22.359965625,20.665656249999998,0.03125000000000001,0.3125,0.0,0.0,0.0,0.0,4.95385625,2.3645625,0.06764062500000002,0.01040625,13.161518750000003,11.2811875,21.194653125000002,18.06253125,168.212571875,148.34371875,0.818009375,0.92709375,173.16712187500002,150.70821875,35.77407500000001,32.09375,0.0,0.0,0.0,0.0,0.0,0.0,0.22455,0.1875,0.0020812500000000006,0.0208125,4.765278125,5.21878125,6.489056250000001,7.1875625,47.00780312500002,52.37503125,0.3510281250000001,0.5312812499999999,47.233056250000004,52.5625625,11.466421875000002,13.704218749999999,1.085,0.88,1.0,0.917,1.12,1.12,0.982,1.12,1.12,0.898,0.913,1.005,Neutral
2026,NO,2025,0.2,0.7,0.1,3,17,206.42290312500003,231.25003125,1.5942843750000002,1.64584375,0.0,0.0,121.33041562500001,111.85415625,0.843090625,0.82290625,19.489137500000002,20.833375,28.583721875000002,30.67721875,206.14001875000002,230.4791875,1.5932437500000003,1.6354375,327.4702343750001,342.33334375000004,79.789746875,83.71246875,206.39165312500003,230.93753125,1.5942843750000002,1.64584375,0.0,0.0,16.147640625000005,17.708406250000003,0.06317187500000002,0.21871875000000002,0.0010406250000000003,0.01040625,0.0010406250000000003,0.01040625,0.0010406250000000003,0.01040625,0.0,0.0,16.148684375000002,17.718843749999998,15.09029375,17.2489375,0.0,0.0,0.0,0.0,0.0,0.0,104.18697187500003,91.59371875,0.7767875000000002,0.572875,3.6714968750000008,4.32296875,4.316359375000001,5.41659375,26.547403125000002,29.75003125,0.14090312500000002,0.17703125000000003,130.73437187500002,121.34371875,22.009165625,20.665656249999998,0.03125000000000001,0.3125,0.0,0.0,0.0,0.0,0.8951562500000001,2.3645625,0.0010406250000000003,0.01040625,9.963618750000002,11.2811875,16.200453125000003,18.06253125,121.904671875,148.34371875,1.0180093750000003,0.92709375,122.800521875,150.70821875,28.452575000000003,32.09375,0.0,0.0,0.0,0.0,0.0,0.0,0.10135000000000001,0.1875,0.0020812500000000006,0.0208125,5.852978125000001,5.21878125,8.065856250000001,7.1875625,57.686703125000015,52.37503125,0.433628125,0.5312812499999999,57.78735625,52.5625625,14.237021875000003,13.704218749999999,0.894,0.969,1.0,1.12,0.892,0.88,1.077,0.88,0.883,1.101,1.12,0.999,Neutral
2026,TB,2025,0.2,0.7,0.1,3,17,245.50180312500004,231.25003125,1.666684375,1.64584375,0.0,0.0,97.12671562500002,111.85415625,0.8075906250000001,0.82290625,21.914437500000002,20.833375,31.483721875000008,30.67721875,245.05371875000003,230.4791875,1.66564375,1.6354375,342.18043437500006,342.33334375000004,85.66874687500001,83.71246875,245.47055312500004,230.93753125,1.666684375,1.64584375,0.0,0.0,20.115840625000004,17.708406250000003,0.268971875,0.21871875000000002,0.04234062500000001,0.01040625,0.04234062500000001,0.01040625,-0.246059375,0.01040625,0.0,0.0,19.869784375000002,17.718843749999998,18.294693750000004,17.2489375,0.0,0.0,0.0,0.0,0.0,0.0,75.336171875,91.59371875,0.5354875000000001,0.572875,4.910496875000001,4.32296875,5.755359375,5.41659375,46.016303125,29.75003125,0.18220312500000002,0.17703125000000003,121.35177187500001,121.34371875,21.078665625000003,20.665656249999998,0.03125000000000001,0.3125,0.0,0.0,0.0,0.0,1.73855625,2.3645625,0.0010406250000000003,0.01040625,11.188918750000001,11.2811875,17.998353125000005,18.06253125,141.945971875,148.34371875,0.802909375,0.92709375,143.68452187500003,150.70821875,30.708275000000004,32.09375,0.0,0.0,0.0,0.0,0.0,0.0,-0.06385,0.1875,0.0020812500000000006,0.0208125,5.7726781250000005,5.21878125,7.687656250000001,7.1875625,57.337503125000005,52.37503125,0.680728125,0.5312812499999999,57.27365625000001,52.5625625,15.588021875,13.704218749999999,1.063,1.013,1.0,0.88,1.12,1.12,1.0,0.957,0.992,1.095,1.106,0.999,Neutral
2026,CAR,2025,0.2,0.7,0.1,3,17,210.90760312500004,231.25003125,1.254384375,1.64584375,0.0,0.0,136.157815625,111.85415625,1.305490625,0.82290625,19.405137500000002,20.833375,28.483721875,30.67721875,209.47111875000004,230.4791875,1.2533437500000002,1.6354375,345.6296343750001,342.33334375000004,80.489046875,83.71246875,210.87635312500004,230.93753125,1.254384375,1.64584375,0.0,0.0,21.633940625000008,17.708406250000003,0.27847187500000004,0.21871875000000002,0.0010406250000000003,0.01040625,0.0010406250000000003,0.01040625,0.0010406250000000003,0.01040625,0.0,0.0,21.634984375000005,17.718843749999998,15.190693750000003,17.2489375,0.0,0.0,0.0,0.0,0.0,0.0,112.53987187500002,91.59371875,0.9825875000000002,0.572875,4.454096875,4.32296875,5.437959375000001,5.41659375,29.827903125000002,29.75003125,0.100303125,0.17703125000000003,142.36777187500005,121.34371875,25.076065625000002,20.665656249999998,0.03125000000000001,0.3125,0.0,0.0,0.0,0.0,1.0596562500000002,2.3645625,0.04234062500000001,0.01040625,10.045518750000003,11.2811875,16.083053125000003,18.06253125,124.379371875,148.34371875,0.6122093750000001,0.92709375,125.43972187500002,150.70821875,26.445975000000004,32.09375,0.0,0.0,0.0,0.0,0.0,0.0,0.9245500000000001,0.1875,0.0020812500000000006,0.0208125,4.904478125000001,5.21878125,6.9621562500000005,7.1875625,55.26280312500001,52.37503125,0.5415281250000001,0.5312812499999999,56.18735625000001,52.5625625,13.775421875000001,13.704218749999999,0.913,0.88,1.0,1.12,1.003,1.03,1.12,0.88,0.89,1.055,0.94,0.992,Neutral
2026,ATL,2025,0.2,0.7,0.1,3,17,233.15030312500005,231.25003125,1.6761843750000003,1.64584375,0.0,0.0,109.16591562500001,111.85415625,0.576490625,0.82290625,20.589137500000003,20.833375,31.903221875000003,30.67721875,232.70291875000004,230.4791875,1.6751437500000004,1.6354375,341.86883437500006,342.33334375000004,82.86904687500001,83.71246875,233.11905312500005,230.93753125,1.6761843750000003,1.64584375,0.0,0.0,15.910040625000002,17.708406250000003,0.14507187500000002,0.21871875000000002,0.0010406250000000003,0.01040625,0.0010406250000000003,0.01040625,0.0010406250000000003,0.01040625,0.0,0.0,15.911084375000003,17.718843749999998,16.794793750000004,17.2489375,0.0,0.0,0.0,0.0,0.0,0.0,88.63617187500002,91.59371875,0.42758750000000006,0.572875,4.124396875000001,4.32296875,5.730059375000001,5.41659375,27.975003125000004,29.75003125,0.248803125,0.17703125000000003,116.61117187500001,121.34371875,19.684965625000004,20.665656249999998,0.03125000000000001,0.3125,0.0,0.0,0.0,0.0,3.90095625,2.3645625,0.0010406250000000003,0.01040625,11.777318750000003,11.2811875,19.529453125000003,18.06253125,155.48937187500002,148.34371875,1.0493093750000002,0.92709375,159.39032187500004,150.70821875,34.44307500000001,32.09375,0.0,0.0,0.0,0.0,0.0,0.0,0.7187500000000001,0.1875,0.0020812500000000006,0.0208125,4.686378125000001,5.21878125,6.641956250000001,7.1875625,49.237503124999996,52.37503125,0.37632812500000007,0.5312812499999999,49.95625625,52.5625625,11.946221875,13.704218749999999,1.009,1.018,1.0,0.968,0.94,0.954,0.961,1.048,1.044,0.94,0.898,0.991,Neutral
2026,DEN,2025,0.2,0.7,0.1,3,17,222.47420312500003,231.25003125,1.1724843750000002,1.64584375,0.0,0.0,103.66011562500002,111.85415625,0.7351906250000001,0.82290625,20.2993375,20.833375,32.67932187500001,30.67721875,222.15001875000002,230.4791875,1.1714437500000003,1.6354375,325.8101343750001,342.33334375000004,76.11084687500001,83.71246875,222.44295312500003,230.93753125,1.1724843750000002,1.64584375,0.0,0.0,17.376640625000004,17.708406250000003,0.21167187500000004,0.21871875000000002,0.0010406250000000003,0.01040625,0.0010406250000000003,0.01040625,0.0010406250000000003,0.01040625,0.0,0.0,17.377684375000005,17.718843749999998,14.91009375,17.2489375,0.0,0.0,0.0,0.0,0.0,0.0,85.32827187500001,91.59371875,0.5203875000000001,0.572875,3.475696875,4.32296875,5.039559375000001,5.41659375,26.572903125000003,29.75003125,0.331403125,0.17703125000000003,111.90097187500001,121.34371875,19.662865625000002,20.665656249999998,0.03125000000000001,0.3125,0.0,0.0,0.0,0.0,1.1009562500000003,2.3645625,0.0010406250000000003,0.01040625,11.122318750000002,11.2811875,19.231553125000005,18.06253125,135.27777187500004,148.34371875,0.473209375,0.92709375,136.37872187500002,150.70821875,27.616275,32.09375,0.0,0.0,0.0,0.0,0.0,0.0,-0.14575000000000002,0.1875,0.0020812500000000006,0.0208125,5.700078125000001,5.21878125,8.407156250000002,7.1875625,60.29830312500001,52.37503125,0.366828125,0.5312812499999999,60.15255625,52.5625625,13.920921875000001,13.704218749999999,0.963,0.88,1.0,0.932,0.893,0.88,0.922,0.912,0.986,1.12,1.092,0.982,Neutral
2026,NYJ,2025,0.2,0.7,0.1,3,17,218.54680312500003,231.25003125,1.980584375,1.64584375,0.0,0.0,126.15781562500003,111.85415625,1.038890625,0.82290625,19.918837500000002,20.833375,29.151721875000007,30.67721875,218.46971875000003,230.4791875,1.9795437500000002,1.6354375,344.6275343750001,342.33334375000004,88.74494687500001,83.71246875,216.95035312500002,230.93753125,1.9392843750000004,1.64584375,0.0,0.0,17.035340625000003,17.708406250000003,0.104471875,0.21871875000000002,0.0010406250000000003,0.01040625,0.0010406250000000003,0.01040625,0.0010406250000000003,0.01040625,0.0,0.0,17.036384375000004,17.718843749999998,18.67979375,17.2489375,0.0,0.0,0.0,0.0,0.0,0.0,101.82597187500002,91.59371875,0.8906875000000001,0.572875,3.9185968750000004,4.32296875,5.102459375000001,5.41659375,34.34530312500001,29.75003125,0.6040031250000002,0.17703125000000003,136.17127187500003,121.34371875,26.340565625000004,20.665656249999998,0.03125000000000001,0.3125,0.0,0.0,0.0,0.0,5.01325625,2.3645625,0.04234062500000001,0.01040625,10.765018750000001,11.2811875,17.017853125000002,18.06253125,133.075671875,148.34371875,0.910109375,0.92709375,138.08822187500002,150.70821875,30.218875000000004,32.09375,1.5645,0.0,0.0413,0.0,0.0,0.0,2.2832500000000002,0.1875,0.0020812500000000006,0.0208125,5.233478125,5.21878125,7.0303562500000005,7.1875625,51.047703125000005,52.37503125,0.464728125,0.5312812499999999,53.33095625000001,52.5625625,13.505521875000001,13.704218749999999,0.939,1.12,1.0,1.112,1.12,0.906,1.12,0.897,0.954,0.975,1.003,0.981,Neutral
2026,JAX,2025,0.2,0.7,0.1,3,17,234.27210312500006,231.25003125,1.3276843750000002,1.64584375,0.0,0.0,89.15781562500001,111.85415625,0.6843906250000001,0.82290625,21.9325375,20.833375,33.35402187500001,30.67721875,232.74421875000002,230.4791875,1.3266437500000003,1.6354375,321.90223437500003,342.33334375000004,77.813346875,83.71246875,233.17425312500004,230.93753125,1.3276843750000002,1.64584375,0.0,0.0,17.690340625000005,17.708406250000003,0.22767187500000002,0.21871875000000002,0.0010406250000000003,0.01040625,0.0010406250000000003,0.01040625,0.0010406250000000003,0.01040625,0.0,0.0,17.691384375000002,17.718843749999998,15.04549375,17.2489375,0.0,0.0,0.0,0.0,0.0,0.0,68.08697187500002,91.59371875,0.4535875,0.572875,4.685196875000002,4.32296875,5.8082593750000004,5.41659375,33.786603125000006,29.75003125,0.14090312500000002,0.17703125000000003,101.87357187500001,121.34371875,18.246765625000002,20.665656249999998,1.0978500000000002,0.3125,0.0,0.0,0.0,0.0,2.6327562500000004,2.3645625,0.0010406250000000003,0.01040625,11.908618750000002,11.2811875,20.064953125000002,18.06253125,146.444571875,148.34371875,0.7361093750000001,0.92709375,149.07662187500006,150.70821875,31.240675000000003,32.09375,0.0,0.0,0.0,0.0,0.0,0.0,0.7484500000000002,0.1875,0.0020812500000000006,0.0208125,5.3378781250000005,5.21878125,7.47955625,7.1875625,52.512203125000006,52.37503125,0.449428125,0.5312812499999999,53.25995625,52.5625625,13.280221875000002,13.704218749999999,1.01,0.88,1.0,0.88,1.12,1.084,0.88,0.987,1.056,1.003,1.023,0.97,Neutral
2026,CLE,2025,0.2,0.7,0.1,3,17,203.58000312500005,231.25003125,1.5942843750000002,1.64584375,0.0,0.0,115.46941562500002,111.85415625,0.659090625,0.82290625,18.9086375,20.833375,28.342421875000003,30.67721875,201.36391875000004,230.4791875,1.5519437500000002,1.6354375,316.83333437500005,342.33334375000004,77.33744687500001,83.71246875,202.23065312500003,230.93753125,1.552984375,1.64584375,0.0,0.0,12.268740625000001,17.708406250000003,0.06317187500000002,0.21871875000000002,0.0010406250000000003,0.01040625,0.0010406250000000003,0.01040625,0.0010406250000000003,0.01040625,0.0,0.0,12.269784375000002,17.718843749999998,14.485393750000002,17.2489375,1.3174000000000001,0.0,0.0413,0.0,0.0,0.0,97.80647187500001,91.59371875,0.5514875,0.572875,4.165696875000001,4.32296875,5.206159375000001,5.41659375,24.857603125000004,29.75003125,0.14090312500000002,0.17703125000000003,122.664071875,121.34371875,20.776365625,20.665656249999998,0.03125000000000001,0.3125,0.0,0.0,0.0,0.0,3.15245625,2.3645625,0.0010406250000000003,0.01040625,9.453418750000003,11.2811875,15.783053125,18.06253125,122.03807187500001,148.34371875,1.1261093750000002,0.92709375,125.19032187500001,150.70821875,29.241175000000002,32.09375,0.0,0.0,0.0,0.0,0.0,0.0,2.24195,0.1875,0.04338125,0.0208125,5.288478125000001,5.21878125,7.352156250000001,7.1875625,54.467203125000005,52.37503125,0.284228125,0.5312812499999999,56.70915625000001,52.5625625,12.835421875000002,13.704218749999999,0.88,0.944,1.0,1.068,0.88,0.964,1.011,0.88,0.88,1.04,1.013,0.967,Neutral
2026,GB,2025,0.2,0.7,0.1,3,17,211.50180312500004,231.25003125,1.486384375,1.64584375,0.0,0.0,121.31301562500002,111.85415625,1.0590906250000003,0.82290625,20.8246375,20.833375,29.411121875000003,30.67721875,211.01241875000002,230.4791875,1.4853437500000002,1.6354375,332.32543437500004,342.33334375000004,83.139446875,83.71246875,211.47055312500004,230.93753125,1.486384375,1.64584375,0.0,0.0,13.433940625000002,17.708406250000003,0.104471875,0.21871875000000002,0.0010406250000000003,0.01040625,0.0010406250000000003,0.01040625,0.0010406250000000003,0.01040625,0.0,0.0,13.434984375,17.718843749999998,15.465293749999999,17.2489375,0.0,0.0,0.0,0.0,0.0,0.0,104.75567187500002,91.59371875,0.9514875,0.572875,4.202596875,4.32296875,5.119859375000001,5.41659375,27.611903125000005,29.75003125,0.017703125000000007,0.17703125000000003,132.36777187500002,121.34371875,23.225465625000002,20.665656249999998,0.03125000000000001,0.3125,0.0,0.0,0.0,0.0,3.1053562500000003,2.3645625,0.0010406250000000003,0.01040625,11.361518750000002,11.2811875,17.100453125,18.06253125,140.50907187500002,148.34371875,1.0340093750000003,0.92709375,143.61422187500003,150.70821875,32.29307500000001,32.09375,0.0,0.0,0.0,0.0,0.0,0.0,0.018750000000000006,0.1875,0.0020812500000000006,0.0208125,5.258778125000001,5.21878125,7.189056250000001,7.1875625,42.890403125,52.37503125,0.433628125,0.5312812499999999,42.90915625,52.5625625,12.155421875,13.704218749999999,0.916,0.903,1.0,1.12,0.928,0.972,1.091,0.947,1.007,0.88,1.008,0.966,Neutral
2026,LV,2025,0.2,0.7,0.1,3,17,217.63870312500003,231.25003125,1.4450843750000002,1.64584375,0.0,0.0,115.322315625,111.85415625,1.121490625,0.82290625,20.6754375,20.833375,29.814821875000003,30.67721875,216.57321875000002,230.4791875,1.4440437500000003,1.6354375,331.89643437500007,342.33334375000004,81.60844687500001,83.71246875,217.60745312500003,230.93753125,1.4450843750000002,1.64584375,0.0,0.0,17.857140625000007,17.708406250000003,0.335571875,0.21871875000000002,0.08364062500000001,0.01040625,0.08364062500000001,0.01040625,0.45394062500000004,0.01040625,0.0,0.0,18.311084375000004,17.718843749999998,16.21049375,17.2489375,0.0,0.0,0.0,0.0,0.0,0.0,95.22017187500002,91.59371875,0.7825875000000001,0.572875,4.320696875,4.32296875,5.263459375000001,5.41659375,27.438103125,29.75003125,0.05900312500000001,0.17703125000000003,122.65757187500002,121.34371875,21.556065625000002,20.665656249999998,0.03125000000000001,0.3125,0.0,0.0,0.0,0.0,2.0617562500000006,2.3645625,0.0010406250000000003,0.01040625,11.575218750000003,11.2811875,18.222253125000005,18.06253125,146.29887187500003,148.34371875,0.751409375,0.92709375,148.36062187500002,150.70821875,31.216975000000005,32.09375,0.0,0.0,0.0,0.0,0.0,0.0,0.18325,0.1875,0.0020812500000000006,0.0208125,4.696578125,5.21878125,6.246356250000002,7.1875625,42.38250312500001,52.37503125,0.6336281250000001,0.5312812499999999,42.56645625,52.5625625,12.625121875000001,13.704218749999999,0.942,0.88,1.0,1.04,0.922,0.999,1.011,0.986,1.026,0.88,0.9,0.962,Neutral
2026,PHI,2025,0.2,0.7,0.1,3,17,205.85470312500001,231.25003125,1.0079843750000002,1.64584375,0.0,0.0,123.41071562500001,111.85415625,1.172090625,0.82290625,18.432537500000002,20.833375,29.524321875000002,30.67721875,205.57111875,230.4791875,1.0069437500000002,1.6354375,328.98253437500006,342.33334375000004,75.07664687500001,83.71246875,205.82345312500001,230.93753125,1.0079843750000002,1.64584375,0.0,0.0,21.174540625000002,17.708406250000003,0.5102718750000002,0.21871875000000002,0.0010406250000000003,0.01040625,0.0010406250000000003,0.01040625,0.0010406250000000003,0.01040625,0.0,0.0,21.175584375,17.718843749999998,16.041293750000005,17.2489375,0.0,0.0,0.0,0.0,0.0,0.0,98.50857187500002,91.59371875,0.6593875000000001,0.572875,3.518596875,4.32296875,4.682959375,5.41659375,31.214203125,29.75003125,0.18220312500000002,0.17703125000000003,129.72277187500003,121.34371875,21.347065625000003,20.665656249999998,0.03125000000000001,0.3125,0.0,0.0,0.0,0.0,3.6675562500000005,2.3645625,0.0010406250000000003,0.01040625,10.898418750000001,11.2811875,18.798353125000006,18.06253125,142.30907187500003,148.34371875,0.606409375,0.92709375,145.97662187500003,150.70821875,29.152575000000002,32.09375,0.0,0.0,0.0,0.0,0.0,0.0,0.060050000000000006,0.1875,0.0020812500000000006,0.0208125,4.013978125,5.21878125,6.041956250000001,7.1875625,32.047703125000005,52.37503125,0.217628125,0.5312812499999999,32.10705625000001,52.5625625,8.535721875000002,13.704218749999999,0.891,0.88,1.0,1.075,1.049,0.88,1.069,0.959,0.966,0.88,0.88,0.952,Neutral
2026,BUF,2025,0.2,0.7,0.1,3,17,197.42290312500003,231.25003125,1.4137843750000003,1.64584375,0.0,0.0,127.66221562500003,111.85415625,1.204090625,0.82290625,18.047837500000004,20.833375,27.871421875000003,30.67721875,194.93051875000003,230.4791875,1.3714437500000003,1.6354375,322.5920343750001,342.33334375000004,77.39894687500002,83.71246875,197.39165312500003,230.93753125,1.4137843750000003,1.64584375,0.0,0.0,19.523740625000002,17.708406250000003,0.18637187500000002,0.21871875000000002,0.0010406250000000003,0.01040625,0.04234062500000001,0.01040625,0.0010406250000000003,0.01040625,0.0,0.0,19.524784375,17.718843749999998,14.821293750000002,17.2489375,0.0,0.0,0.0,0.0,0.0,0.0,102.598571875,91.59371875,0.9319875000000002,0.572875,4.149696875000001,4.32296875,5.5395593750000005,5.41659375,27.059003125000004,29.75003125,0.30030312500000006,0.17703125000000003,129.657571875,121.34371875,24.313365625000003,20.665656249999998,0.03125000000000001,0.3125,0.0,0.0,0.0,0.0,5.397256250000001,2.3645625,0.04234062500000001,0.01040625,10.547618750000002,11.2811875,16.975153125000006,18.06253125,134.14597187500001,148.34371875,0.786909375,0.92709375,139.54322187500003,150.70821875,29.488275000000005,32.09375,0.0,0.0,0.0,0.0,0.0,0.0,0.14195000000000002,0.1875,0.04338125,0.0208125,3.3494781250000005,5.21878125,5.3150562500000005,7.1875625,33.723803125,52.37503125,0.284228125,0.5312812499999999,33.866456250000006,52.5625625,8.776721875000002,13.704218749999999,0.88,0.88,1.0,1.12,0.91,0.96,1.069,0.904,0.935,0.88,0.88,0.946,Neutral
2026,HOU,2025,0.2,0.7,0.1,3,17,217.74100312500002,231.25003125,1.3211843750000003,1.64584375,0.0,0.0,94.030415625,111.85415625,0.7511906250000001,0.82290625,19.4028375,20.833375,30.087221875,30.67721875,217.29291875,230.4791875,1.3201437500000004,1.6354375,311.32313437500005,342.33334375000004,75.047246875,83.71246875,217.70975312500002,230.93753125,1.3211843750000003,1.64584375,0.0,0.0,17.323740625000003,17.708406250000003,0.19657187500000006,0.21871875000000002,0.04234062500000001,0.01040625,0.04234062500000001,0.01040625,-0.5344593750000001,0.01040625,0.0,0.0,16.789284375000005,17.718843749999998,14.680093750000001,17.2489375,0.0,0.0,0.0,0.0,0.0,0.0,75.94777187500003,91.59371875,0.5514875,0.572875,3.9554968750000006,4.32296875,5.114059375000001,5.41659375,27.353203125000004,29.75003125,0.100303125,0.17703125000000003,103.30097187500002,121.34371875,18.412865625000002,20.665656249999998,0.03125000000000001,0.3125,0.0,0.0,0.0,0.0,0.5248562500000001,2.3645625,0.0010406250000000003,0.01040625,10.100518750000003,11.2811875,17.747553125000003,18.06253125,139.12417187500003,148.34371875,0.8377093750000001,0.92709375,139.64902187500002,150.70821875,29.357275000000005,32.09375,0.0,0.0,0.0,0.0,0.0,0.0,0.23475000000000004,0.1875,0.0020812500000000006,0.0208125,5.304478125000001,5.21878125,7.183256250000001,7.1875625,51.349103125000006,52.37503125,0.382828125,0.5312812499999999,51.58385625000001,52.5625625,12.597021875000001,13.704218749999999,0.943,0.88,1.0,0.88,0.919,0.915,0.88,0.938,0.895,0.98,1.016,0.935,Neutral
2026,LA,2025,0.2,0.7,0.1,3,17,220.98370312500003,231.25003125,1.568284375,1.64584375,0.0,0.0,109.06941562500002,111.85415625,0.478590625,0.82290625,20.7383375,20.833375,31.867721875,30.67721875,216.57321875000005,230.4791875,1.5266437500000005,1.6354375,325.64353437500006,342.33334375000004,78.90114687500001,83.71246875,220.95245312500003,230.93753125,1.568284375,1.64584375,0.0,0.0,14.696140625000002,17.708406250000003,0.12977187500000004,0.21871875000000002,0.0010406250000000003,0.01040625,0.0010406250000000003,0.01040625,0.0010406250000000003,0.01040625,0.0,0.0,14.697184375,17.718843749999998,15.57899375,17.2489375,0.0,0.0,0.0,0.0,0.0,0.0,87.23757187500001,91.59371875,0.30438750000000003,0.572875,4.843896875000001,4.32296875,6.4648593750000005,5.41659375,35.27870312500001,29.75003125,0.14090312500000002,0.17703125000000003,122.516971875,121.34371875,19.657865625,20.665656249999998,0.03125000000000001,0.3125,0.0,0.0,0.0,0.0,5.593056250000001,2.3645625,0.0010406250000000003,0.01040625,10.916518750000003,11.2811875,17.786753125000004,18.06253125,139.344571875,148.34371875,0.976709375,0.92709375,144.93742187500004,150.70821875,31.556975000000005,32.09375,0.0,0.0,0.0,0.0,0.0,0.0,1.5419500000000004,0.1875,0.04338125,0.0208125,4.976878125000001,5.21878125,7.61505625,7.1875625,41.949103125000015,52.37503125,0.408128125,0.5312812499999999,43.49175625000001,52.5625625,12.107321875,13.704218749999999,0.957,0.953,1.0,0.952,1.12,1.12,1.01,0.939,0.968,0.88,0.954,0.932,Neutral
2026,MIN,2025,0.2,0.7,0.1,3,17,200.58580312500004,231.25003125,0.981984375,1.64584375,0.0,0.0,114.87171562500001,111.85415625,0.6177906250000001,0.82290625,17.438337500000003,20.833375,27.567721875000004,30.67721875,200.50871875000004,230.4791875,0.98094375,1.6354375,315.3804343750001,342.33334375000004,68.12754687500001,83.71246875,200.55455312500004,230.93753125,0.981984375,1.64584375,0.0,0.0,16.359240625000005,17.708406250000003,0.06317187500000002,0.21871875000000002,0.0010406250000000003,0.01040625,0.0010406250000000003,0.01040625,0.0010406250000000003,0.01040625,0.0,0.0,16.360284375000003,17.718843749999998,12.14489375,17.2489375,0.0,0.0,0.0,0.0,0.0,0.0,96.075371875,91.59371875,0.5514875,0.572875,3.4301968750000005,4.32296875,4.664859375000002,5.41659375,22.671303125000005,29.75003125,0.017703125000000007,0.17703125000000003,118.74597187500001,121.34371875,18.309765625,20.665656249999998,0.03125000000000001,0.3125,0.0,0.0,0.0,0.0,2.33645625,2.3645625,0.0010406250000000003,0.01040625,9.730218750000002,11.2811875,16.119953125000002,18.06253125,130.793071875,148.34371875,0.6630093750000001,0.92709375,133.12952187500002,150.70821875,26.958575000000003,32.09375,0.0,0.0,0.0,0.0,0.0,0.0,0.10135000000000001,0.1875,0.0020812500000000006,0.0208125,4.2768781250000005,5.21878125,6.7818562500000015,7.1875625,47.043303125,52.37503125,0.300228125,0.5312812499999999,47.144656250000004,52.5625625,10.714121875000002,13.704218749999999,0.88,0.88,1.0,1.049,0.88,0.88,0.979,0.882,0.88,0.898,0.88,0.927,Tough
2026,SEA,2025,0.2,0.7,0.1,3,17,202.54240312500002,231.25003125,1.3211843750000003,1.64584375,0.0,0.0,92.94411562500002,111.85415625,0.4525906250000001,0.82290625,21.128337500000004,20.833375,32.05032187500001,30.67721875,200.07761875000003,230.4791875,1.3201437500000004,1.6354375,293.02173437500005,342.33334375000004,72.49534687500001,83.71246875,202.51115312500002,230.93753125,1.3211843750000003,1.64584375,0.0,0.0,18.127440625000002,17.708406250000003,0.14507187500000002,0.21871875000000002,0.0010406250000000003,0.01040625,0.0010406250000000003,0.01040625,0.0010406250000000003,0.01040625,0.0,0.0,18.128484375,17.718843749999998,13.97289375,17.2489375,0.0,0.0,0.0,0.0,0.0,0.0,73.24337187500002,91.59371875,0.26308750000000003,0.572875,5.2359968750000005,4.32296875,6.606159375000001,5.41659375,33.871303125000004,29.75003125,0.16690312500000004,0.17703125000000003,107.11487187500002,121.34371875,18.250565625,20.665656249999998,0.03125000000000001,0.3125,0.0,0.0,0.0,0.0,1.5132562500000002,2.3645625,0.04234062500000001,0.01040625,10.153418750000004,11.2811875,17.635953125000004,18.06253125,111.41117187500001,148.34371875,0.720309375,0.92709375,112.92372187500003,150.70821875,26.361475000000006,32.09375,0.0,0.0,0.0,0.0,0.0,0.0,0.060050000000000006,0.1875,0.0020812500000000006,0.0208125,5.737878125,5.21878125,7.807156250000001,7.1875625,54.794103125000014,52.37503125,0.433628125,0.5312812499999999,54.85415625,52.5625625,13.910221875000001,13.704218749999999,0.88,0.88,1.0,0.88,1.12,1.12,0.883,0.88,0.9,1.046,1.099,0.922,Tough
2026,LAC,2025,0.2,0.7,0.1,3,17,208.51710312500003,231.25003125,1.0898843750000002,1.64584375,0.0,0.0,108.00861562500002,111.85415625,1.0075906250000002,0.82290625,18.816737500000002,20.833375,28.965621875000004,30.67721875,207.53421875000004,230.4791875,1.0888437500000003,1.6354375,315.5435343750001,342.33334375000004,73.423646875,83.71246875,208.15685312500003,230.93753125,1.0898843750000002,1.64584375,0.0,0.0,17.249040625000003,17.708406250000003,0.31977187500000004,0.21871875000000002,0.06764062500000002,0.01040625,0.06764062500000002,0.01040625,0.06764062500000002,0.01040625,0.0,0.0,17.316884375000004,17.718843749999998,14.14079375,17.2489375,0.0,0.0,0.0,0.0,0.0,0.0,89.22827187500002,91.59371875,0.6848875000000001,0.572875,3.620696875,4.32296875,5.266959375000001,5.41659375,25.308403125,29.75003125,0.017703125000000007,0.17703125000000003,114.536471875,121.34371875,19.126765625,20.665656249999998,0.36095,0.3125,0.0,0.0,0.0,0.0,1.5132562500000002,2.3645625,0.0010406250000000003,0.01040625,10.657818750000002,11.2811875,17.467053125000003,18.06253125,135.93067187500003,148.34371875,0.704309375,0.92709375,137.44322187500003,150.70821875,28.989275000000006,32.09375,0.0,0.0,0.0,0.0,0.0,0.0,0.018750000000000006,0.1875,0.0020812500000000006,0.0208125,4.471078125000001,5.21878125,6.163756250000001,7.1875625,46.22730312500001,52.37503125,0.366828125,0.5312812499999999,46.24605625000001,52.5625625,11.167521875000002,13.704218749999999,0.901,0.88,1.0,0.974,0.88,0.88,0.944,0.916,0.945,0.883,0.88,0.919,Tough
2026,NE,2025,0.2,0.7,0.1,3,17,205.54680312500003,231.25003125,1.4608843750000002,1.64584375,0.0,0.0,104.58171562500002,111.85415625,0.6685906250000001,0.82290625,20.263837500000005,20.833375,29.440121875000003,30.67721875,204.81101875000004,230.4791875,1.4598437500000003,1.6354375,309.39203437500004,342.33334375000004,76.37204687500001,83.71246875,205.51555312500003,230.93753125,1.4608843750000002,1.64584375,0.0,0.0,16.201940625000006,17.708406250000003,0.06317187500000002,0.21871875000000002,0.0010406250000000003,0.01040625,0.04234062500000001,0.01040625,0.0010406250000000003,0.01040625,0.0,0.0,16.202984375000003,17.718843749999998,14.508293750000002,17.2489375,0.0,0.0,0.0,0.0,0.0,0.0,81.60857187500001,91.59371875,0.5203875000000001,0.572875,4.567796875,4.32296875,5.643759375000001,5.41659375,31.092403125000004,29.75003125,0.100303125,0.17703125000000003,112.70097187500001,121.34371875,19.364465625,20.665656249999998,0.03125000000000001,0.3125,0.0,0.0,0.0,0.0,6.371956250000001,2.3645625,0.04234062500000001,0.01040625,10.512118750000003,11.2811875,16.517853125000002,18.06253125,122.89747187500001,148.34371875,1.0593093750000002,0.92709375,129.26872187500004,150.70821875,30.225175000000004,32.09375,0.0,0.0,0.0,0.0,0.0,0.0,0.39925,0.1875,0.04338125,0.0208125,5.182678125000001,5.21878125,7.2361562500000005,7.1875625,50.82010312500001,52.37503125,0.300228125,0.5312812499999999,51.219356250000004,52.5625625,12.274621875000001,13.704218749999999,0.89,0.888,1.0,0.891,1.045,1.057,0.929,0.88,0.932,0.97,0.993,0.908,Tough
2026,KC,2025,0.2,0.7,0.1,3,17,203.441003125,231.25003125,1.0392843750000003,1.64584375,0.0,0.0,104.86591562500001,111.85415625,0.859090625,0.82290625,19.7696375,20.833375,28.883721875000003,30.67721875,199.78131875000005,230.4791875,1.0382437500000004,1.6354375,304.6470343750001,342.33334375000004,72.14264687500001,83.71246875,203.409753125,230.93753125,1.0392843750000003,1.64584375,0.0,0.0,19.810040625000006,17.708406250000003,0.268971875,0.21871875000000002,0.0010406250000000003,0.01040625,0.04234062500000001,0.01040625,0.0010406250000000003,0.01040625,0.0,0.0,19.811084375000004,17.718843749999998,14.06679375,17.2489375,0.0,0.0,0.0,0.0,0.0,0.0,80.90067187500001,91.59371875,0.5869875000000001,0.572875,3.8830968750000006,4.32296875,4.6771593750000005,5.41659375,27.543903125000003,29.75003125,0.18220312500000002,0.17703125000000003,108.44457187500001,121.34371875,19.313165625000003,20.665656249999998,0.03125000000000001,0.3125,0.0,0.0,0.0,0.0,3.85385625,2.3645625,0.0010406250000000003,0.01040625,10.853418750000003,11.2811875,17.753353125000004,18.06253125,125.08727187500001,148.34371875,0.5043093750000001,0.92709375,128.94112187500002,150.70821875,26.874675000000007,32.09375,0.0,0.0,0.0,0.0,0.0,0.0,0.30135000000000006,0.1875,0.0020812500000000006,0.0208125,5.032078125,5.21878125,6.410856250000001,7.1875625,47.149103125,52.37503125,0.3510281250000001,0.5312812499999999,47.45045625,52.5625625,11.888021875000002,13.704218749999999,0.881,0.88,1.0,0.883,0.926,0.898,0.894,0.88,0.962,0.9,0.964,0.886,Tough
